location_name,latitude,longitude,avg_rent_per_sqft,avg_income,population_density,business_type,existing_businesses,avg_rating,competition_index,success_rate,foot_traffic,parking_availability,nearby_schools,nearby_colleges,nearby_universities,nearby_hospitals,nearby_clinics,nearby_malls,nearby_supermarkets,nearby_offices,nearby_corporates,nearby_banks,nearby_courts,nearby_govt_offices,nearby_police,nearby_parks,nearby_bus_stops,recommended_business,safety_index
Gandhipuram,11.011198,76.959347,108,49572,24033,Clothing Boutique,45,3.3,0.77,64.6,8419,Low,5,1,1,2,3,0,2,5,5,9,1,2,2,1,13,Salon,0.74
Gandhipuram,11.015685,76.952538,123,48349,18759,Clothing Boutique,50,4.7,0.85,63.0,9556,Low,4,3,1,2,5,0,2,6,3,9,1,2,2,1,10,Mobile Store,0.68
Gandhipuram,11.022083,76.95404,126,50329,21032,Grocery Store,10,3.4,0.24,74.8,9455,High,4,3,1,4,5,0,2,5,4,8,1,2,2,1,11,Bakery,0.69
Gandhipuram,11.023184,76.961327,107,66477,22089,Electronics Shop,39,3.3,0.63,70.3,9620,Low,5,2,1,3,3,0,3,7,5,8,1,2,2,1,14,Mobile Store,0.76
Gandhipuram,11.011899,76.95845,88,57608,21126,Laundry Service,24,3.2,0.53,76.1,10440,Medium,5,2,1,4,5,0,3,7,4,7,1,2,2,1,10,Grocery Store,0.77
Gandhipuram,11.018606,76.960817,105,50008,21063,Gym,42,4.9,0.82,68.8,11123,Medium,5,1,1,3,3,0,3,6,3,7,1,2,2,1,10,Pharmacy,0.69
Gandhipuram,11.011973,76.956206,134,51940,22417,Laundry Service,45,4.4,0.83,66.4,11093,High,3,3,1,3,5,0,3,7,4,7,1,2,2,1,10,Grocery Store,0.74
Gandhipuram,11.010441,76.949447,122,47321,22211,Bakery,34,5.0,0.61,67.0,8974,Medium,4,1,1,4,5,0,2,6,4,7,1,2,2,1,13,Cafe,0.7
Gandhipuram,11.011011,76.95437,93,53147,19569,Electronics Shop,34,4.8,0.62,69.6,8779,Low,3,2,1,3,4,0,2,6,5,7,1,2,2,1,11,Mobile Store,0.72
Gandhipuram,11.011966,76.948489,113,70692,24431,Furniture Store,38,4.0,0.69,68.1,9863,High,5,3,1,2,3,0,2,5,5,9,1,2,2,1,14,Electronics Shop,0.7
Gandhipuram,11.021864,76.949464,110,58230,18982,Bookstore,50,4.5,0.94,68.5,11856,Medium,3,3,1,4,3,0,3,6,3,9,1,2,2,1,11,Co-working Space,0.76
Gandhipuram,11.010638,76.955187,92,47400,22404,Laundry Service,24,3.3,0.36,75.1,8873,Low,3,2,1,2,4,0,2,6,5,9,1,2,2,1,11,Grocery Store,0.72
Gandhipuram,11.013654,76.951551,106,67527,23195,Electronics Shop,35,4.8,0.65,73.0,11493,High,4,2,1,2,5,0,3,5,3,8,1,2,2,1,14,Mobile Store,0.7
Gandhipuram,11.022622,76.956469,127,64087,22526,Restaurant,34,3.8,0.52,67.7,8606,Low,3,2,1,2,4,0,2,7,3,8,1,2,2,1,11,Cafe,0.71
Gandhipuram,11.019249,76.959252,114,50216,24450,Clothing Boutique,25,4.7,0.42,75.2,10872,Medium,3,2,1,2,4,0,3,5,3,7,1,2,2,1,10,Mobile Store,0.68
Gandhipuram,11.014366,76.948863,113,50851,22756,Salon,8,3.1,0.15,84.3,11942,Medium,3,1,1,3,5,0,3,7,5,7,1,2,2,1,13,Clothing Boutique,0.77
Gandhipuram,11.019167,76.953306,95,68584,20460,Electronics Shop,26,3.9,0.41,76.0,10077,Medium,4,2,1,4,4,0,2,6,5,8,1,2,2,1,12,Cafe,0.7
Gandhipuram,11.012673,76.955406,101,66589,18694,Salon,34,3.8,0.7,68.0,9162,Low,5,3,1,2,3,0,2,5,3,7,1,2,2,1,13,Clothing Boutique,0.72
Gandhipuram,11.015354,76.950625,80,74250,24151,Pet Shop,47,4.1,0.92,71.1,11524,Low,3,2,1,2,5,0,2,7,3,7,1,2,2,1,13,Grocery Store,0.75
Gandhipuram,11.022526,76.959378,137,53493,24158,Grocery Store,13,3.3,0.16,75.3,9012,Medium,4,3,1,4,3,0,3,5,5,8,1,2,2,1,14,Pharmacy,0.75
Gandhipuram,11.012677,76.95455,149,60267,21406,Electronics Shop,35,4.4,0.63,62.2,8255,Medium,4,2,1,4,4,0,2,6,4,8,1,2,2,1,12,Cafe,0.69
Gandhipuram,11.015421,76.950881,96,65390,22375,Grocery Store,28,4.9,0.48,71.3,8110,High,5,3,1,2,5,0,2,6,3,7,1,2,2,1,13,Bakery,0.76
Gandhipuram,11.015669,76.960718,82,69544,22418,Grocery Store,44,4.5,0.89,64.9,8213,Medium,4,1,1,4,3,0,2,5,3,9,1,2,2,1,10,Bakery,0.77
RS Puram,10.990526,76.958809,104,80732,14548,Pet Shop,10,3.1,0.15,74.1,6442,Medium,3,2,0,4,6,1,3,6,6,11,0,1,1,2,10,Grocery Store,0.79
RS Puram,10.991127,76.944844,152,76916,15551,Furniture Store,36,4.3,0.6,62.4,7483,Medium,3,2,0,4,4,1,4,5,5,11,0,1,1,2,8,Pharmacy,0.79
RS Puram,10.986642,76.951916,113,101952,13737,Electronics Shop,9,3.5,0.1,76.6,7453,Medium,3,1,0,5,4,1,3,4,6,10,0,1,1,2,9,Mobile Store,0.81
RS Puram,10.991363,76.950077,157,92528,15485,Gym,25,4.7,0.5,65.1,8254,Low,4,1,0,4,5,1,3,6,4,10,0,1,1,2,9,Cafe,0.76
RS Puram,10.986063,76.949957,91,105005,13036,Co-working Space,11,3.1,0.15,75.9,7123,High,2,2,0,5,4,1,3,4,6,10,0,1,1,2,7,Electronics Shop,0.73
RS Puram,10.988881,76.953131,96,79943,13222,Mobile Store,48,3.3,0.81,66.0,8305,High,2,0,0,5,5,1,4,5,5,10,0,1,1,2,7,Electronics Shop,0.82
RS Puram,10.982875,76.944697,150,89087,12267,Grocery Store,25,4.6,0.52,62.7,6948,High,3,2,0,3,6,1,4,6,6,11,0,1,1,2,7,Pharmacy,0.76
RS Puram,10.99037,76.956761,126,98780,13018,Salon,22,4.3,0.49,68.3,7919,Low,4,1,0,5,6,1,4,4,6,9,0,1,1,2,6,Clothing Boutique,0.8
RS Puram,10.985678,76.945249,112,100834,16251,Pharmacy,39,4.1,0.67,67.2,8668,Low,3,0,0,5,5,1,4,5,5,10,0,1,1,2,9,Cafe,0.77
RS Puram,10.988349,76.949276,104,96488,16215,Electronics Shop,39,3.6,0.63,63.7,6004,Low,4,1,0,3,4,1,4,6,5,9,0,1,1,2,9,Mobile Store,0.8
RS Puram,10.98199,76.950649,104,100241,12962,Clothing Boutique,40,3.6,0.78,66.4,8653,Low,3,2,0,5,6,1,4,5,5,9,0,1,1,2,10,Salon,0.81
RS Puram,10.99318,76.950751,154,87509,12021,Salon,44,4.5,0.78,58.1,7158,High,4,2,0,3,5,1,4,5,6,11,0,1,1,2,7,Pharmacy,0.8
RS Puram,10.991958,76.956573,109,102461,12303,Furniture Store,47,4.7,0.89,58.8,6517,Low,4,1,0,4,4,1,3,6,4,10,0,1,1,2,8,Electronics Shop,0.78
RS Puram,10.99418,76.950238,152,105456,12294,Electronics Shop,10,3.7,0.15,72.9,8529,High,4,2,0,3,6,1,4,4,6,11,0,1,1,2,6,Mobile Store,0.74
RS Puram,10.983891,76.952458,113,81140,13434,Laundry Service,42,5.0,0.7,61.9,6323,Low,3,2,0,4,6,1,3,5,6,10,0,1,1,2,8,Pharmacy,0.79
RS Puram,10.986105,76.958784,122,99939,14474,Pet Shop,39,3.5,0.78,61.0,6815,Low,3,0,0,4,6,1,4,6,5,9,0,1,1,2,10,Grocery Store,0.83
RS Puram,10.993352,76.947874,122,78963,17146,Clothing Boutique,31,3.5,0.57,64.2,6397,Low,4,0,0,4,4,1,3,4,5,10,0,1,1,2,10,Mobile Store,0.82
RS Puram,10.99368,76.951733,127,92198,12943,Pharmacy,32,3.5,0.65,65.4,7918,High,2,0,0,5,5,1,4,4,5,11,0,1,1,2,10,Cafe,0.83
RS Puram,10.982154,76.957642,131,109982,13813,Gym,16,4.5,0.27,72.8,8652,Medium,3,2,0,5,5,1,3,4,4,10,0,1,1,2,10,Cafe,0.74
Race Course,11.001534,76.963658,153,86489,14008,Cafe,20,3.4,0.46,65.2,7521,High,2,0,0,4,3,1,2,8,5,13,2,3,2,3,7,Restaurant,0.79
Race Course,11.004711,76.967018,142,95962,11031,Bakery,8,3.0,0.12,72.4,7312,Medium,3,0,0,4,3,1,2,8,5,11,2,3,2,3,6,Cafe,0.77
Race Course,10.999318,76.954619,167,87448,10520,Furniture Store,33,4.8,0.59,60.0,6950,Medium,2,2,0,5,4,1,2,9,7,13,2,3,2,3,8,Electronics Shop,0.79
Race Course,10.996552,76.953944,118,84304,11033,Laundry Service,22,4.5,0.38,67.7,6126,Medium,3,2,0,5,4,1,3,9,7,12,2,3,2,3,8,Pharmacy,0.81
Race Course,10.999998,76.957347,147,90003,15626,Co-working Space,11,4.2,0.29,67.6,6942,Medium,1,0,0,4,4,1,2,9,5,13,2,3,2,3,8,Electronics Shop,0.76
Race Course,10.998559,76.962402,113,102945,14556,Clothing Boutique,17,4.5,0.32,69.5,6505,High,2,2,0,5,4,1,3,7,5,12,2,3,2,3,6,Mobile Store,0.76
Race Course,11.009501,76.954105,127,104654,13439,Gym,39,4.5,0.73,60.9,6858,High,2,1,0,6,4,1,2,7,5,13,2,3,2,3,8,Cafe,0.78
Race Course,10.997133,76.959071,162,114533,15465,Co-working Space,19,4.7,0.27,64.9,6263,Medium,2,2,0,4,2,1,2,7,6,12,2,3,2,3,8,Cafe,0.75
Race Course,11.007114,76.953816,105,108588,10153,Restaurant,35,3.8,0.71,64.4,6883,Medium,2,2,0,6,3,1,3,7,6,11,2,3,2,3,5,Bakery,0.84
Race Course,10.996626,76.965541,143,94520,12728,Pet Shop,48,4.8,0.87,53.8,5688,Medium,3,0,0,5,3,1,2,7,5,12,2,3,2,3,6,Grocery Store,0.76
Race Course,11.004761,76.967244,140,89893,13602,Electronics Shop,49,4.0,0.95,52.2,5279,Medium,3,1,0,6,2,1,2,8,6,12,2,3,2,3,5,Mobile Store,0.8
Race Course,11.002163,76.960898,105,109473,14683,Pharmacy,41,4.8,0.75,64.2,7669,Medium,3,1,0,4,3,1,3,9,5,13,2,3,2,3,8,Grocery Store,0.77
Race Course,11.001077,76.96413,106,101931,10539,Mobile Store,46,3.8,0.88,58.6,6350,Medium,3,1,0,5,4,1,3,7,7,13,2,3,2,3,6,Electronics Shop,0.76
Race Course,11.006904,76.964699,167,86124,15292,Mobile Store,40,4.8,0.78,57.9,7746,Medium,2,0,0,5,2,1,3,8,5,11,2,3,2,3,5,Electronics Shop,0.79
Race Course,11.004401,76.961528,120,91851,15675,Cafe,20,3.6,0.34,71.6,7558,Medium,1,2,0,4,3,1,2,8,7,12,2,3,2,3,8,Restaurant,0.83
Race Course,11.000997,76.960503,125,119627,11133,Cafe,36,3.8,0.73,59.1,6024,Medium,2,1,0,6,4,1,3,7,5,12,2,3,2,3,6,Bakery,0.76
Race Course,11.000883,76.958428,147,94715,10230,Bookstore,24,4.5,0.38,65.6,6305,Medium,3,2,0,4,2,1,3,8,7,11,2,3,2,3,5,Cafe,0.84
Race Course,11.0031,76.954391,130,99736,10998,Co-working Space,47,4.3,0.83,55.0,5195,High,3,2,0,4,2,1,2,9,7,13,2,3,2,3,5,Electronics Shop,0.77
Race Course,11.003039,76.958053,169,113248,14158,Gym,42,4.4,0.73,57.1,7269,Low,2,0,0,5,3,1,3,7,6,11,2,3,2,3,7,Pharmacy,0.75
Race Course,11.009631,76.959785,117,84135,15865,Cafe,49,3.9,0.86,58.9,6874,Low,1,0,0,4,3,1,3,9,6,12,2,3,2,3,5,Bakery,0.75
Race Course,11.001259,76.959215,143,92243,14064,Furniture Store,50,3.9,0.87,58.8,7834,Medium,3,1,0,6,3,1,3,9,5,13,2,3,2,3,7,Pharmacy,0.8
Race Course,11.005435,76.95792,145,108504,12249,Bakery,49,3.1,0.86,59.1,7619,Low,1,0,0,5,4,1,2,7,7,13,2,3,2,3,6,Restaurant,0.85
Town Hall,10.991881,76.96949,93,42519,20701,Electronics Shop,47,3.3,0.81,62.7,7563,High,3,1,0,1,2,0,4,4,3,6,2,4,3,0,14,Cafe,0.68
Town Hall,10.98316,76.958093,93,42876,21586,Pet Shop,16,4.1,0.24,81.6,10963,High,3,2,0,3,2,0,5,3,3,7,2,4,3,0,14,Grocery Store,0.71
Town Hall,10.98741,76.967359,73,60052,16706,Gym,43,3.3,0.81,63.7,7269,Low,4,2,0,3,3,0,4,3,2,7,2,4,3,0,14,Pharmacy,0.66
Town Hall,10.989341,76.968307,72,56977,17253,Restaurant,49,4.2,0.82,65.5,8245,High,3,2,0,2,4,0,4,4,1,7,2,4,3,0,17,Bakery,0.65
Town Hall,10.995095,76.960516,101,41349,16232,Salon,27,3.8,0.48,67.2,7332,High,4,2,0,3,2,0,4,4,3,7,2,4,3,0,16,Clothing Boutique,0.63
Town Hall,10.988787,76.960553,85,63539,18615,Cafe,11,3.8,0.16,82.3,10007,Low,3,1,0,2,4,0,5,3,2,5,2,4,3,0,13,Restaurant,0.73
Town Hall,10.995969,76.968807,85,58929,21907,Restaurant,11,3.0,0.16,77.5,8280,High,2,1,0,2,3,0,4,3,2,7,2,4,3,0,13,Cafe,0.65
Town Hall,10.983642,76.957525,111,51985,19303,Co-working Space,31,3.7,0.62,65.9,8498,Medium,2,2,0,2,4,0,4,4,3,6,2,4,3,0,16,Electronics Shop,0.63
Town Hall,10.984172,76.964405,97,41319,16371,Furniture Store,27,4.3,0.49,67.2,7159,Medium,3,1,0,1,4,0,5,5,2,5,2,4,3,0,17,Electronics Shop,0.64
Town Hall,10.996217,76.964129,111,62545,21154,Pharmacy,15,3.3,0.21,72.1,7109,Medium,3,2,0,3,2,0,4,5,3,7,2,4,3,0,17,Cafe,0.69
Town Hall,10.992046,76.961584,104,55453,21958,Pharmacy,23,4.9,0.37,70.0,7255,High,4,0,0,3,3,0,5,3,2,7,2,4,3,0,14,Cafe,0.7
Town Hall,10.986383,76.959802,109,63101,20005,Clothing Boutique,49,4.7,0.84,62.0,8298,High,4,2,0,2,2,0,5,4,1,6,2,4,3,0,16,Mobile Store,0.68
Town Hall,10.986001,76.963811,73,43579,21043,Co-working Space,18,3.4,0.31,80.0,10034,Medium,2,0,0,3,2,0,4,4,2,7,2,4,3,0,17,Electronics Shop,0.69
Town Hall,10.995987,76.960274,68,42931,21343,Mobile Store,46,5.0,0.76,69.4,9351,High,4,2,0,1,3,0,4,4,2,5,2,4,3,0,17,Cafe,0.65
Town Hall,10.989924,76.962811,119,56522,19834,Cafe,40,3.4,0.69,63.2,8117,Medium,2,1,0,3,3,0,4,3,3,6,2,4,3,0,16,Restaurant,0.65
Town Hall,10.98412,76.96031,65,48545,19142,Clothing Boutique,18,4.3,0.31,76.1,7964,Medium,3,1,0,3,4,0,5,5,2,7,2,4,3,0,15,Mobile Store,0.67
Town Hall,10.995652,76.960955,79,44376,19917,Clothing Boutique,15,3.3,0.19,76.6,7627,Medium,4,1,0,3,4,0,4,3,3,7,2,4,3,0,17,Salon,0.68
Town Hall,10.986822,76.963199,108,46730,21872,Bookstore,8,3.7,0.19,77.4,9388,High,4,1,0,2,2,0,5,5,1,7,2,4,3,0,15,Cafe,0.68
Town Hall,10.983012,76.970156,69,55468,16259,Salon,33,4.5,0.61,70.2,8175,Low,2,2,0,2,3,0,5,4,1,7,2,4,3,0,17,Clothing Boutique,0.67
Peelamedu,11.026867,77.043218,94,79856,13881,Furniture Store,46,3.1,0.87,61.3,7013,High,2,4,2,3,1,1,3,11,7,6,0,1,1,1,11,Electronics Shop,0.75
Peelamedu,11.02652,77.040584,115,58699,13147,Pharmacy,43,3.9,0.87,62.1,8063,Medium,2,5,2,3,3,1,2,10,7,8,0,1,1,1,8,Grocery Store,0.8
Peelamedu,11.027337,77.046936,102,79979,16296,Mobile Store,43,3.4,0.79,63.0,7305,High,3,3,2,2,1,1,2,9,8,8,0,1,1,1,11,Cafe,0.77
Peelamedu,11.029515,77.046201,83,61059,16387,Restaurant,8,3.2,0.1,82.3,8967,Low,2,4,2,3,3,1,2,9,9,8,0,1,1,1,10,Bakery,0.78
Peelamedu,11.034601,77.03969,104,68402,15249,Clothing Boutique,21,4.7,0.36,75.7,9748,High,3,4,2,2,3,1,3,10,8,8,0,1,1,1,10,Mobile Store,0.72
Peelamedu,11.030878,77.032895,97,82366,14418,Gym,16,4.8,0.33,70.5,6624,High,2,4,2,2,3,1,3,10,9,8,0,1,1,1,9,Cafe,0.72
Peelamedu,11.034468,77.046715,62,59871,17474,Gym,8,4.1,0.15,77.6,6198,High,3,3,2,1,3,1,2,9,9,7,0,1,1,1,8,Cafe,0.78
Peelamedu,11.024153,77.047012,92,83218,13468,Bakery,27,4.7,0.53,67.7,6438,Medium,4,3,2,1,3,1,3,10,8,6,0,1,1,1,9,Cafe,0.79
Peelamedu,11.031142,77.03403,84,86195,12459,Furniture Store,25,4.7,0.53,71.6,8608,High,2,3,2,2,3,1,2,11,7,6,0,1,1,1,8,Electronics Shop,0.7
Peelamedu,11.020418,77.035699,108,81102,12630,Cafe,22,4.2,0.47,67.9,7225,Medium,2,5,2,3,3,1,3,11,7,8,0,1,1,1,11,Restaurant,0.72
Peelamedu,11.028778,77.046886,61,72912,15690,Electronics Shop,48,3.2,0.8,67.6,8009,Medium,4,4,2,1,3,1,2,11,8,6,0,1,1,1,11,Cafe,0.72
Peelamedu,11.020268,77.037184,108,72679,12837,Electronics Shop,32,3.3,0.64,62.9,6542,Medium,3,4,2,1,1,1,3,11,7,8,0,1,1,1,11,Mobile Store,0.71
Peelamedu,11.025681,77.034696,77,87317,13195,Co-working Space,27,4.2,0.39,70.5,6259,Medium,3,4,2,2,1,1,3,9,9,8,0,1,1,1,9,Electronics Shop,0.72
Peelamedu,11.031783,77.037497,87,63921,14461,Electronics Shop,33,4.1,0.57,68.7,7313,Medium,4,3,2,2,1,1,3,10,9,8,0,1,1,1,10,Mobile Store,0.76
Peelamedu,11.030019,77.040736,89,68739,15591,Pet Shop,46,4.8,0.83,67.0,9267,Medium,4,3,2,3,2,1,3,9,8,8,0,1,1,1,11,Grocery Store,0.73
Peelamedu,11.032728,77.0388,110,78562,17747,Bakery,14,3.8,0.21,78.8,9667,Medium,4,5,2,1,1,1,2,11,9,6,0,1,1,1,8,Cafe,0.78
Peelamedu,11.031326,77.041301,69,77607,12201,Gym,36,4.4,0.62,70.2,7977,High,3,3,2,3,1,1,3,10,8,6,0,1,1,1,11,Cafe,0.71
Peelamedu,11.020518,77.037696,103,65771,13998,Bookstore,45,3.4,0.8,63.6,8113,Low,2,4,2,2,1,1,2,9,9,8,0,1,1,1,11,Cafe,0.72
Peelamedu,11.031037,77.044534,96,61668,16398,Bookstore,47,4.2,0.79,62.0,6765,Low,2,4,2,2,3,1,3,11,8,8,0,1,1,1,11,Co-working Space,0.74
Peelamedu,11.029881,77.037257,79,62664,13499,Clothing Boutique,19,4.7,0.31,75.3,7529,Medium,4,4,2,3,1,1,3,9,8,8,0,1,1,1,9,Mobile Store,0.77
Saravanampatti,11.075978,77.055022,90,93124,13349,Furniture Store,44,3.2,0.85,60.0,6027,Medium,4,5,1,1,1,0,1,6,5,3,0,1,1,2,9,Pharmacy,0.75
Saravanampatti,11.070639,77.063541,78,62726,13889,Restaurant,48,4.6,0.86,60.7,5807,Low,4,4,1,1,1,0,2,7,4,4,0,1,1,2,10,Bakery,0.76
Saravanampatti,11.080603,77.060529,72,71034,10651,Gym,33,3.8,0.6,68.4,6883,Medium,5,5,1,0,2,0,2,8,4,5,0,1,1,2,7,Cafe,0.74
Saravanampatti,11.070081,77.063827,60,86401,12223,Pharmacy,21,3.7,0.38,71.0,5139,Low,4,5,1,1,3,0,1,8,5,5,0,1,1,2,9,Cafe,0.78
Saravanampatti,11.077323,77.060471,76,63172,8376,Grocery Store,49,4.8,0.86,58.1,4407,Medium,4,4,1,0,2,0,1,7,4,5,0,1,1,2,6,Pharmacy,0.77
Saravanampatti,11.071379,77.057977,99,75344,11516,Co-working Space,16,4.5,0.29,71.2,6684,Medium,3,4,1,1,1,0,1,8,6,4,0,1,1,2,9,Cafe,0.72
Saravanampatti,11.070469,77.056759,74,68986,11135,Salon,13,4.2,0.32,69.4,4545,Low,5,4,1,2,3,0,1,7,5,5,0,1,1,2,7,Clothing Boutique,0.77
Saravanampatti,11.074528,77.066304,63,76238,10268,Electronics Shop,39,4.2,0.69,66.7,6640,Medium,5,6,1,2,1,0,1,8,6,5,0,1,1,2,7,Mobile Store,0.72
Saravanampatti,11.076608,77.066516,75,68649,11168,Electronics Shop,34,4.1,0.6,67.1,6328,High,5,6,1,1,1,0,1,6,5,3,0,1,1,2,10,Cafe,0.75
Saravanampatti,11.077873,77.056231,60,93508,9664,Co-working Space,50,4.4,0.95,58.3,4636,High,4,6,1,1,3,0,1,6,4,3,0,1,1,2,8,Cafe,0.76
Saravanampatti,11.079104,77.054562,88,93896,13904,Electronics Shop,40,3.3,0.7,60.9,5061,Low,3,6,1,2,1,0,2,7,5,5,0,1,1,2,9,Cafe,0.73
Saravanampatti,11.07126,77.063515,91,67558,9871,Salon,28,3.2,0.46,67.2,6084,Medium,3,4,1,1,2,0,1,6,4,5,0,1,1,2,9,Clothing Boutique,0.71
Saravanampatti,11.078698,77.05293,88,63009,11284,Clothing Boutique,39,4.1,0.81,58.1,4282,Low,4,5,1,0,3,0,1,7,4,4,0,1,1,2,10,Salon,0.8
Saravanampatti,11.080466,77.054368,81,61566,9908,Salon,25,4.0,0.37,70.8,6218,Low,5,4,1,0,3,0,2,6,4,5,0,1,1,2,7,Clothing Boutique,0.74
Saravanampatti,11.079095,77.057627,60,66263,12140,Pet Shop,22,4.5,0.31,71.0,4546,High,4,4,1,1,3,0,1,7,5,4,0,1,1,2,8,Pharmacy,0.77
Saravanampatti,11.070564,77.053708,84,80580,11330,Grocery Store,23,4.4,0.51,64.4,4494,Medium,3,5,1,1,2,0,1,6,6,4,0,1,1,2,6,Bakery,0.76
Saravanampatti,11.072743,77.066707,80,89635,12554,Bakery,12,3.2,0.16,75.0,6253,Low,4,4,1,0,1,0,1,6,4,4,0,1,1,2,6,Restaurant,0.73
Saravanampatti,11.081206,77.064037,57,90211,8414,Bookstore,10,4.0,0.2,74.3,4688,Medium,4,6,1,1,1,0,2,6,5,3,0,1,1,2,7,Cafe,0.8
Singanallur,11.015598,77.021246,53,53737,15633,Furniture Store,28,4.6,0.53,73.3,7632,Low,4,0,0,2,3,0,3,4,2,4,0,1,1,1,7,Electronics Shop,0.74
Singanallur,11.009537,77.034518,67,59136,15906,Gym,45,4.1,0.72,62.8,5653,Low,4,0,0,3,3,0,2,4,2,4,0,1,1,1,9,Cafe,0.66
Singanallur,11.01681,77.022722,76,57764,16531,Pharmacy,11,4.7,0.1,75.0,5719,Low,2,0,0,3,1,0,3,2,2,5,0,1,1,1,9,Grocery Store,0.7
Singanallur,11.021099,77.034063,87,52962,18800,Electronics Shop,26,4.9,0.4,67.0,5413,Low,3,0,0,3,2,0,3,2,3,5,0,1,1,1,9,Mobile Store,0.68
Singanallur,11.014337,77.034559,47,45966,18934,Laundry Service,24,4.6,0.38,74.1,6303,Medium,4,0,0,2,1,0,2,2,2,4,0,1,1,1,7,Grocery Store,0.74
Singanallur,11.019077,77.020665,71,45450,17391,Grocery Store,12,3.2,0.19,77.0,7019,High,3,2,0,1,2,0,2,3,1,3,0,1,1,1,7,Bakery,0.74
Singanallur,11.022269,77.03432,83,60107,17954,Electronics Shop,11,3.7,0.18,76.5,7885,High,4,0,0,1,1,0,3,2,1,4,0,1,1,1,7,Cafe,0.65
Singanallur,11.014856,77.024283,85,59667,17934,Mobile Store,32,3.9,0.56,64.5,5817,High,2,0,0,1,2,0,3,3,2,4,0,1,1,1,9,Cafe,0.66
Singanallur,11.01249,77.03225,48,44952,19705,Laundry Service,33,4.8,0.68,69.8,7733,Medium,4,1,0,3,1,0,3,4,2,5,0,1,1,1,7,Grocery Store,0.66
Singanallur,11.020231,77.029907,54,43941,17678,Laundry Service,32,4.0,0.59,68.0,5708,Low,2,0,0,1,1,0,2,4,2,3,0,1,1,1,7,Pharmacy,0.74
Singanallur,11.021913,77.020139,84,59253,18280,Pet Shop,19,4.4,0.3,71.7,6718,Medium,2,0,0,1,3,0,3,4,2,4,0,1,1,1,7,Pharmacy,0.66
Singanallur,11.014483,77.02577,66,62626,15946,Salon,28,3.2,0.46,68.0,5201,Medium,3,1,0,2,2,0,3,3,3,5,0,1,1,1,10,Pharmacy,0.72
Singanallur,11.01506,77.033371,76,64887,18231,Furniture Store,10,3.5,0.17,75.8,6531,Low,4,0,0,2,3,0,2,4,3,3,0,1,1,1,8,Pharmacy,0.73
Singanallur,11.020563,77.027375,52,62320,14250,Mobile Store,18,4.3,0.4,71.8,5990,Low,4,1,0,2,3,0,3,2,2,5,0,1,1,1,7,Electronics Shop,0.69
Singanallur,11.018461,77.023909,77,40657,19588,Furniture Store,24,4.6,0.38,67.9,5036,Medium,2,2,0,3,1,0,3,4,2,5,0,1,1,1,10,Pharmacy,0.7
Singanallur,11.014418,77.02146,87,52262,18599,Gym,23,4.4,0.5,70.1,7651,Medium,3,1,0,2,1,0,3,4,2,4,0,1,1,1,11,Cafe,0.71
Singanallur,11.01909,77.029582,61,53715,17314,Co-working Space,38,4.1,0.62,68.2,6590,Low,4,2,0,2,3,0,3,4,2,5,0,1,1,1,7,Electronics Shop,0.72
Singanallur,11.021848,77.033863,66,61444,14731,Salon,15,3.8,0.35,71.3,5910,Medium,4,1,0,2,2,0,3,3,1,4,0,1,1,1,11,Pharmacy,0.69
Singanallur,11.021246,77.022172,66,53408,18664,Clothing Boutique,18,3.9,0.33,73.2,6874,High,4,0,0,2,2,0,3,4,1,3,0,1,1,1,11,Salon,0.66
Singanallur,11.014882,77.026258,69,40152,14309,Grocery Store,32,4.6,0.58,68.7,7186,High,3,0,0,3,1,0,2,4,3,3,0,1,1,1,7,Bakery,0.67
Singanallur,11.012991,77.024228,78,59541,18293,Pet Shop,40,4.6,0.66,64.8,6383,Low,4,0,0,2,2,0,2,3,1,3,0,1,1,1,11,Grocery Store,0.69
Singanallur,11.014101,77.029361,79,60418,14398,Pharmacy,27,3.5,0.48,71.4,7432,Medium,4,0,0,1,3,0,3,3,2,3,0,1,1,1,7,Grocery Store,0.75
Ukkadam,11.001793,77.003808,46,51763,21888,Salon,39,3.0,0.79,68.7,8530,Medium,1,0,0,1,4,0,4,3,0,5,0,2,2,0,12,Pharmacy,0.61
Ukkadam,11.001374,77.010975,76,51190,17221,Restaurant,31,3.2,0.62,65.7,6368,Medium,1,1,0,2,4,0,4,2,1,5,0,2,2,0,10,Cafe,0.68
Ukkadam,11.003963,77.010731,48,40587,18692,Bakery,15,4.7,0.2,79.3,7464,Low,3,0,0,2,3,0,3,2,1,5,0,2,2,0,9,Cafe,0.69
Ukkadam,10.993188,77.011039,76,49357,17484,Grocery Store,8,4.3,0.19,78.1,8503,Low,2,1,0,3,4,0,4,2,0,5,0,2,2,0,10,Pharmacy,0.64
Ukkadam,10.996569,77.005339,79,38120,19545,Pet Shop,28,3.4,0.46,73.3,8710,High,2,0,0,1,4,0,3,3,0,6,0,2,2,0,11,Grocery Store,0.67
Ukkadam,11.000966,77.00358,45,50043,19638,Clothing Boutique,29,4.7,0.5,74.7,8347,Low,2,0,0,1,3,0,3,2,1,4,0,2,2,0,11,Salon,0.64
Ukkadam,10.996478,77.008927,70,46904,21864,Laundry Service,24,4.7,0.46,71.5,7853,High,3,0,0,2,3,0,4,3,0,4,0,2,2,0,8,Grocery Store,0.61
Ukkadam,10.9948,77.009766,61,38531,19395,Clothing Boutique,19,4.3,0.39,71.5,6190,High,3,1,0,2,3,0,4,1,2,6,0,2,2,0,12,Salon,0.69
Ukkadam,11.00043,77.002384,64,48718,20988,Salon,47,3.3,0.9,66.4,8836,Low,2,0,0,2,3,0,3,2,2,6,0,2,2,0,9,Pharmacy,0.68
Ukkadam,11.001933,77.011978,72,52776,21687,Cafe,50,3.3,0.82,66.0,8608,Low,1,0,0,3,4,0,4,2,0,6,0,2,2,0,8,Restaurant,0.63
Ukkadam,10.995824,77.001337,43,44671,17671,Restaurant,43,4.7,0.69,70.2,8216,High,2,0,0,3,4,0,3,3,2,5,0,2,2,0,10,Cafe,0.6
Ukkadam,11.004096,77.004164,80,47050,20820,Clothing Boutique,43,3.5,0.73,66.8,8238,Medium,1,1,0,2,3,0,3,1,0,6,0,2,2,0,10,Salon,0.67
Ukkadam,10.996458,77.008079,42,40036,18642,Cafe,42,4.8,0.77,69.3,8444,Medium,3,1,0,2,4,0,3,3,1,6,0,2,2,0,11,Bakery,0.61
Ukkadam,11.001254,77.002519,53,52383,19890,Co-working Space,32,4.0,0.53,73.8,8299,High,3,0,0,3,3,0,3,3,2,6,0,2,2,0,8,Electronics Shop,0.68
Ukkadam,11.002799,77.00521,68,50951,16359,Gym,35,3.3,0.67,67.4,7214,Low,1,0,0,1,2,0,3,1,2,6,0,2,2,0,12,Pharmacy,0.69
Ukkadam,10.998312,77.002529,44,36778,17458,Bookstore,10,4.0,0.22,77.9,7031,Medium,3,0,0,2,3,0,4,2,1,4,0,2,2,0,12,Cafe,0.66
Ukkadam,10.995871,77.007729,45,44224,19585,Laundry Service,43,3.0,0.86,65.9,7562,High,3,0,0,1,4,0,3,3,1,6,0,2,2,0,8,Grocery Store,0.64
Ukkadam,11.000293,77.005546,59,41883,21946,Bookstore,24,3.7,0.36,73.8,7408,Low,3,1,0,1,2,0,4,1,0,4,0,2,2,0,8,Co-working Space,0.62
Ukkadam,11.001369,77.001102,79,37287,17585,Co-working Space,25,3.7,0.52,68.9,7301,Medium,2,1,0,3,4,0,4,2,1,4,0,2,2,0,11,Cafe,0.65
Ukkadam,10.998611,77.004198,59,50957,20519,Pharmacy,21,5.0,0.46,69.8,6445,Medium,3,0,0,1,4,0,4,3,2,4,0,2,2,0,12,Cafe,0.62
Ukkadam,10.998498,77.009041,65,42317,20830,Electronics Shop,44,4.0,0.83,63.2,7191,Low,3,1,0,2,3,0,3,3,2,4,0,2,2,0,12,Mobile Store,0.61
Ukkadam,10.996865,77.000871,54,37059,18165,Grocery Store,49,3.8,0.87,64.4,7513,Medium,3,0,0,2,3,0,3,1,2,5,0,2,2,0,11,Pharmacy,0.62
Sulur,11.019636,76.88444,39,45953,11949,Restaurant,15,4.2,0.27,64.1,4974,Medium,2,2,0,0,0,0,1,1,0,1,0,1,1,1,5,Cafe,0.64
Sulur,11.021523,76.885292,29,34190,12698,Clothing Boutique,36,3.3,0.68,65.9,4926,Low,4,3,0,2,0,0,1,2,0,3,0,1,1,1,4,Mobile Store,0.66
Sulur,11.024162,76.888081,46,35959,13105,Pharmacy,46,4.2,0.76,62.0,4592,Low,4,3,0,1,2,0,1,2,1,1,0,1,1,1,4,Cafe,0.67
Sulur,11.024845,76.887062,31,33053,11950,Pharmacy,44,4.5,0.72,62.0,3033,High,4,1,0,2,1,0,1,3,2,2,0,1,1,1,7,Grocery Store,0.73
Sulur,11.025311,76.880488,56,47816,11347,Laundry Service,35,4.1,0.67,60.5,3555,High,4,3,0,2,2,0,1,2,2,1,0,1,1,1,4,Pharmacy,0.66
Sulur,11.020332,76.888243,40,36674,11385,Mobile Store,18,4.6,0.25,73.9,4761,Low,3,1,0,2,2,0,2,2,2,2,0,1,1,1,6,Cafe,0.72
Sulur,11.021044,76.88931,33,42750,13209,Bakery,11,3.9,0.29,64.2,2521,Medium,2,2,0,0,0,0,1,2,0,3,0,1,1,1,7,Cafe,0.72
Sulur,11.0151,76.888904,44,39371,9595,Pharmacy,50,4.5,0.89,56.3,2637,Medium,4,3,0,2,0,0,2,1,2,1,0,1,1,1,5,Grocery Store,0.72
Sulur,11.013182,76.880582,51,48321,12775,Co-working Space,40,4.9,0.82,56.4,3925,Medium,3,1,0,1,1,0,2,1,1,3,0,1,1,1,3,Electronics Shop,0.67
Sulur,11.020311,76.890565,38,45035,13583,Pharmacy,23,4.6,0.38,70.3,4387,Medium,2,2,0,1,0,0,1,3,2,1,0,1,1,1,5,Cafe,0.73
Sulur,11.013289,76.892935,38,41584,9790,Grocery Store,30,3.2,0.48,69.0,4849,High,4,3,0,1,2,0,1,3,0,2,0,1,1,1,7,Pharmacy,0.67
Sulur,11.02597,76.886492,52,47743,8346,Bakery,30,3.2,0.52,66.1,4475,Medium,3,2,0,1,0,0,2,1,2,1,0,1,1,1,7,Cafe,0.68
Sulur,11.019662,76.883893,28,36905,11108,Bakery,21,3.8,0.37,71.9,4879,Medium,3,3,0,0,2,0,1,2,1,3,0,1,1,1,6,Restaurant,0.65
Sulur,11.01869,76.887649,49,37489,8818,Laundry Service,24,4.4,0.45,64.7,3605,Medium,4,2,0,0,0,0,2,1,0,2,0,1,1,1,5,Grocery Store,0.72
Sulur,11.013058,76.891208,54,33155,11685,Grocery Store,40,3.8,0.72,60.5,3870,Low,3,3,0,1,0,0,1,2,2,3,0,1,1,1,5,Bakery,0.67
Sulur,11.016323,76.888534,55,35491,13247,Cafe,31,3.4,0.61,62.8,3881,Medium,4,3,0,0,0,0,2,1,1,2,0,1,1,1,6,Restaurant,0.68
Sulur,11.012526,76.889945,36,32623,9725,Mobile Store,22,3.3,0.35,64.7,3183,Medium,2,1,0,2,0,0,2,3,0,1,0,1,1,1,5,Cafe,0.68
Sulur,11.019785,76.881763,49,41692,10664,Bakery,22,3.8,0.46,67.7,4450,Medium,4,2,0,0,2,0,2,3,2,3,0,1,1,1,7,Restaurant,0.69
Sulur,11.014437,76.879412,54,34466,10817,Gym,35,4.3,0.62,62.4,3674,Low,2,3,0,1,1,0,2,2,2,1,0,1,1,1,7,Pharmacy,0.69
Podanur,10.954547,76.98332,52,37849,16232,Furniture Store,28,3.0,0.41,67.1,4113,Low,3,2,0,1,1,0,1,1,1,2,0,1,1,0,6,Electronics Shop,0.65
Podanur,10.963108,76.983601,54,44366,17956,Cafe,25,3.4,0.51,54.4,3033,Medium,1,0,0,0,2,0,2,2,1,3,0,1,1,0,5,Bakery,0.64
Podanur,10.962004,76.983131,58,30413,12999,Furniture Store,41,3.4,0.67,57.5,4019,Medium,2,0,0,0,2,0,1,2,1,4,0,1,1,0,9,Pharmacy,0.66
Podanur,10.961886,76.992139,35,37732,17184,Clothing Boutique,39,5.0,0.63,63.3,4778,Low,1,1,0,1,1,0,1,3,2,3,0,1,1,0,6,Mobile Store,0.65
Podanur,10.958104,76.980337,36,47575,12879,Mobile Store,43,3.4,0.74,61.2,3515,High,2,2,0,1,3,0,1,3,1,3,0,1,1,0,8,Cafe,0.67
Podanur,10.954104,76.990212,59,49617,16542,Co-working Space,23,4.1,0.38,65.8,3656,Medium,1,1,0,1,3,0,2,1,2,4,0,1,1,0,9,Cafe,0.63
Podanur,10.954678,76.987153,56,48070,13262,Grocery Store,10,4.1,0.2,66.6,4159,Medium,3,1,0,0,3,0,1,1,0,2,0,1,1,0,5,Bakery,0.65
Podanur,10.959202,76.983217,39,49855,17880,Electronics Shop,27,3.2,0.41,66.3,3290,Low,1,2,0,0,2,0,2,3,2,3,0,1,1,0,5,Mobile Store,0.62
Podanur,10.959546,76.987265,38,47242,17381,Clothing Boutique,29,4.8,0.56,65.8,4018,Low,1,2,0,2,1,0,2,3,2,3,0,1,1,0,9,Mobile Store,0.68
Podanur,10.957022,76.994095,43,43511,17187,Restaurant,10,5.0,0.28,72.7,4763,Medium,2,2,0,2,3,0,2,3,2,3,0,1,1,0,5,Bakery,0.7
Podanur,10.953444,76.983868,38,40318,12177,Clothing Boutique,13,4.4,0.25,71.4,4130,Low,3,2,0,0,1,0,2,1,0,3,0,1,1,0,7,Salon,0.71
Podanur,10.960522,76.981998,60,48881,12781,Restaurant,41,4.4,0.65,61.0,5438,Medium,1,2,0,0,1,0,2,2,1,2,0,1,1,0,7,Bakery,0.68
Podanur,10.951301,76.989349,46,49501,16712,Furniture Store,40,4.0,0.71,62.2,5067,Low,2,1,0,0,1,0,1,2,2,4,0,1,1,0,8,Electronics Shop,0.63
Podanur,10.951948,76.985263,38,48388,17046,Laundry Service,46,3.7,0.87,60.1,5147,High,1,1,0,1,3,0,1,3,1,3,0,1,1,0,7,Pharmacy,0.64
Podanur,10.960935,76.991246,36,44433,12367,Laundry Service,38,3.4,0.6,60.1,3956,Low,2,0,0,0,3,0,1,3,0,3,0,1,1,0,8,Grocery Store,0.64
Podanur,10.956969,76.990476,47,34631,17694,Gym,32,3.0,0.61,61.6,3075,Low,3,2,0,1,1,0,2,1,2,4,0,1,1,0,5,Cafe,0.66
Podanur,10.961596,76.988994,44,46663,17813,Clothing Boutique,9,3.6,0.13,67.9,3407,Medium,2,2,0,0,1,0,1,1,0,4,0,1,1,0,6,Mobile Store,0.71
Podanur,10.963449,76.993827,57,32031,17126,Co-working Space,17,3.7,0.29,66.7,4055,Low,1,2,0,0,1,0,2,3,0,2,0,1,1,0,9,Electronics Shop,0.71
Podanur,10.956909,76.982495,50,47739,17603,Cafe,28,3.6,0.59,64.0,3828,Low,2,2,0,1,1,0,2,1,2,4,0,1,1,0,5,Restaurant,0.71
Podanur,10.95984,76.991523,61,38971,13244,Mobile Store,46,3.8,0.83,54.9,3769,High,1,0,0,2,3,0,1,1,2,2,0,1,1,0,9,Cafe,0.63
Podanur,10.955923,76.981864,33,43388,12122,Clothing Boutique,10,3.8,0.2,73.6,4105,Low,1,2,0,0,1,0,2,3,1,4,0,1,1,0,8,Mobile Store,0.72
Podanur,10.96263,76.987856,48,31261,16265,Gym,35,4.8,0.6,55.1,3447,Medium,1,0,0,2,1,0,1,1,1,3,0,1,1,0,6,Pharmacy,0.67
Podanur,10.955775,76.988945,55,46405,12927,Bookstore,49,3.2,0.95,56.0,3736,Low,3,2,0,1,2,0,2,1,0,3,0,1,1,0,7,Cafe,0.7
Podanur,10.950738,76.986057,34,47164,17794,Electronics Shop,34,3.4,0.58,67.1,4573,High,3,2,0,1,3,0,1,1,1,4,0,1,1,0,5,Cafe,0.69
Hope College,10.990737,76.94731,66,50400,13757,Pharmacy,19,4.7,0.28,74.3,6038,High,3,2,1,0,1,0,2,3,2,2,0,1,1,1,5,Cafe,0.78
Hope College,10.986507,76.959563,71,52873,10401,Co-working Space,32,3.1,0.65,62.3,4446,Low,1,2,1,2,3,0,2,4,3,3,0,1,1,1,7,Electronics Shop,0.73
Hope College,10.983679,76.94905,67,60787,14317,Restaurant,44,4.2,0.9,60.5,5694,Low,3,2,1,0,3,0,2,4,3,4,0,1,1,1,9,Cafe,0.74
Hope College,10.984048,76.957965,81,76475,11473,Grocery Store,43,3.4,0.84,61.5,6496,High,2,2,1,0,1,0,1,4,1,4,0,1,1,1,7,Pharmacy,0.71
Hope College,10.980952,76.958861,69,66603,14505,Co-working Space,17,4.6,0.33,71.3,5326,Medium,1,4,1,1,2,0,1,2,2,3,0,1,1,1,8,Electronics Shop,0.77
Hope College,10.990266,76.948081,69,68512,15938,Gym,46,4.5,0.81,64.0,6777,Low,3,2,1,2,3,0,2,2,1,3,0,1,1,1,9,Pharmacy,0.72
Hope College,10.987059,76.951876,67,63561,10711,Bakery,40,4.5,0.66,66.6,6035,Low,2,3,1,0,3,0,1,2,2,2,0,1,1,1,8,Restaurant,0.78
Hope College,10.984441,76.958646,56,76939,14228,Cafe,41,4.5,0.8,66.6,6771,High,1,4,1,1,2,0,1,3,1,4,0,1,1,1,5,Restaurant,0.79
Hope College,10.986101,76.95034,62,59390,12266,Clothing Boutique,17,3.3,0.4,71.7,6180,Medium,2,4,1,1,1,0,2,2,1,4,0,1,1,1,7,Mobile Store,0.72
Hope College,10.981381,76.960359,78,51662,11065,Gym,50,4.5,0.95,55.1,4118,Low,3,2,1,1,1,0,2,3,1,4,0,1,1,1,6,Pharmacy,0.74
Hope College,10.983606,76.949193,79,53187,13732,Restaurant,12,4.7,0.21,72.5,5271,Medium,3,3,1,0,1,0,2,3,2,2,0,1,1,1,5,Cafe,0.76
Hope College,10.980961,76.952377,58,66644,10843,Laundry Service,29,3.9,0.47,70.3,5661,Low,1,3,1,1,3,0,2,4,2,2,0,1,1,1,5,Pharmacy,0.77
Hope College,10.988242,76.955254,61,71712,15485,Clothing Boutique,14,4.3,0.29,70.7,4319,Medium,3,4,1,0,3,0,2,4,1,3,0,1,1,1,9,Mobile Store,0.76
Hope College,10.977779,76.950454,87,79597,15211,Cafe,13,4.7,0.25,68.4,4000,Low,3,2,1,2,2,0,2,2,1,4,0,1,1,1,7,Restaurant,0.77
Hope College,10.977792,76.960489,50,73047,14587,Bakery,16,3.7,0.23,74.5,5471,Low,2,2,1,1,3,0,2,4,2,3,0,1,1,1,8,Restaurant,0.7
Hope College,10.982907,76.951494,92,54113,11100,Restaurant,35,3.5,0.65,58.9,4047,Medium,1,2,1,2,2,0,1,2,3,3,0,1,1,1,9,Cafe,0.7
Hope College,10.983016,76.947367,65,73335,14110,Grocery Store,13,4.3,0.24,72.5,5102,High,3,4,1,0,1,0,2,2,3,3,0,1,1,1,9,Pharmacy,0.73
Hope College,10.98646,76.957077,90,67668,14748,Mobile Store,24,4.1,0.35,68.4,5279,Medium,2,4,1,1,2,0,2,3,2,3,0,1,1,1,9,Cafe,0.75
Hope College,10.986353,76.951542,89,50894,12349,Pet Shop,19,4.6,0.3,70.3,5985,Medium,3,2,1,1,1,0,2,3,1,4,0,1,1,1,7,Pharmacy,0.7
Kavundampalayam,10.97487,76.976508,47,54251,15382,Cafe,27,4.4,0.49,67.3,4569,Medium,2,3,0,0,2,0,1,3,1,1,0,1,1,0,7,Bakery,0.67
Kavundampalayam,10.981234,76.96419,65,38388,14365,Restaurant,49,4.5,0.91,57.9,4838,Low,2,3,0,0,2,0,2,3,2,2,0,1,1,0,6,Cafe,0.69
Kavundampalayam,10.984977,76.970703,71,49056,17551,Clothing Boutique,24,3.1,0.37,71.1,5827,Medium,2,3,0,2,0,0,1,2,0,3,0,1,1,0,6,Salon,0.75
Kavundampalayam,10.982957,76.975185,45,41931,12707,Clothing Boutique,24,3.1,0.37,71.6,5476,High,3,3,0,0,2,0,2,2,1,3,0,1,1,0,6,Salon,0.66
Kavundampalayam,10.979994,76.976682,54,43830,15609,Co-working Space,10,3.0,0.1,69.6,3284,Low,1,3,0,0,2,0,1,1,2,2,0,1,1,0,4,Electronics Shop,0.7
Kavundampalayam,10.981567,76.971645,40,59777,15198,Bakery,15,3.6,0.29,71.0,4091,Medium,2,2,0,2,2,0,2,2,1,3,0,1,1,0,7,Restaurant,0.67
Kavundampalayam,10.975188,76.976698,43,49971,16379,Mobile Store,48,3.4,0.86,57.2,4392,High,2,2,0,0,2,0,2,3,0,2,0,1,1,0,4,Electronics Shop,0.66
Kavundampalayam,10.984767,76.970765,62,40064,16428,Grocery Store,22,4.0,0.48,68.3,5635,Low,3,2,0,0,1,0,2,3,0,2,0,1,1,0,8,Pharmacy,0.68
Kavundampalayam,10.974668,76.975379,40,45952,17745,Laundry Service,35,5.0,0.6,63.5,5657,Medium,1,3,0,1,0,0,1,3,0,1,0,1,1,0,5,Pharmacy,0.66
Kavundampalayam,10.982695,76.964075,51,39493,16858,Restaurant,9,3.4,0.24,63.4,3710,High,1,2,0,1,0,0,1,2,0,3,0,1,1,0,5,Bakery,0.68
Kavundampalayam,10.975678,76.971628,56,51638,17681,Salon,30,5.0,0.53,64.0,4949,High,1,1,0,2,1,0,1,1,2,3,0,1,1,0,6,Clothing Boutique,0.72
Kavundampalayam,10.988473,76.971146,72,54631,13796,Restaurant,26,4.6,0.41,64.8,4901,Medium,3,1,0,0,0,0,1,3,1,2,0,1,1,0,6,Cafe,0.73
Kavundampalayam,10.985325,76.962694,41,55608,13440,Pet Shop,14,3.8,0.2,70.1,3647,Low,2,3,0,0,0,0,2,2,0,3,0,1,1,0,5,Grocery Store,0.73
Kavundampalayam,10.977574,76.968974,41,52282,13187,Grocery Store,11,3.9,0.16,71.6,3885,Low,2,1,0,1,0,0,1,3,1,2,0,1,1,0,8,Pharmacy,0.74
Kavundampalayam,10.976861,76.967103,56,57779,13284,Salon,28,4.2,0.5,67.0,5613,Low,1,3,0,0,1,0,1,3,1,2,0,1,1,0,5,Clothing Boutique,0.75
Kavundampalayam,10.97654,76.970482,64,39449,12328,Bakery,30,4.3,0.5,66.2,4927,High,3,1,0,2,1,0,1,2,1,1,0,1,1,0,5,Cafe,0.72
Kavundampalayam,10.976725,76.968802,39,52904,15799,Laundry Service,42,3.2,0.78,61.2,3567,Low,2,1,0,2,1,0,1,2,2,2,0,1,1,0,8,Grocery Store,0.74
Kavundampalayam,10.98709,76.972862,70,49927,12422,Bakery,45,4.5,0.89,54.9,3454,Low,2,3,0,1,1,0,1,3,2,1,0,1,1,0,7,Cafe,0.69
Kavundampalayam,10.979012,76.975243,65,47081,12446,Gym,33,3.2,0.68,59.2,3259,Low,2,2,0,1,2,0,2,3,1,3,0,1,1,0,4,Cafe,0.69
Kavundampalayam,10.976768,76.963703,69,42931,13673,Cafe,22,3.7,0.47,67.2,5132,Medium,1,2,0,2,2,0,2,2,1,2,0,1,1,0,4,Restaurant,0.75
Kavundampalayam,10.983705,76.96685,71,55972,15647,Laundry Service,18,3.4,0.37,63.1,4875,High,1,2,0,1,0,0,2,2,0,1,0,1,1,0,8,Pharmacy,0.68
Kavundampalayam,10.9846,76.975342,47,43283,13948,Pharmacy,36,3.2,0.66,61.3,3478,Medium,2,3,0,1,1,0,1,1,2,3,0,1,1,0,6,Grocery Store,0.65
Kavundampalayam,10.974752,76.97573,47,53009,14623,Pharmacy,10,3.8,0.11,72.6,3639,Medium,3,3,0,2,2,0,2,2,2,3,0,1,1,0,7,Grocery Store,0.65
Kavundampalayam,10.986514,76.968607,58,39803,16981,Bookstore,46,3.7,0.84,61.4,5626,Low,3,1,0,0,0,0,2,3,2,1,0,1,1,0,8,Cafe,0.67
Vadavalli,11.002413,76.999837,61,40399,12331,Furniture Store,21,4.9,0.34,69.0,4412,High,2,3,0,0,2,0,2,3,2,1,0,1,1,1,5,Pharmacy,0.7
Vadavalli,11.002992,76.994857,55,53582,11432,Furniture Store,8,4.7,0.1,75.7,5276,Low,3,1,0,0,1,0,2,2,2,3,0,1,1,1,4,Pharmacy,0.71
Vadavalli,10.998904,77.003159,56,53669,11469,Salon,31,3.3,0.57,66.9,5014,Low,3,1,0,0,1,0,1,4,3,2,0,1,1,1,4,Clothing Boutique,0.75
Vadavalli,10.992936,76.998252,46,51710,11337,Salon,27,4.2,0.45,65.7,3216,High,2,3,0,0,1,0,1,4,1,3,0,1,1,1,6,Pharmacy,0.69
Vadavalli,11.00396,76.993747,56,52222,13972,Gym,16,4.4,0.38,67.9,4687,Medium,1,1,0,0,2,0,1,4,3,3,0,1,1,1,4,Cafe,0.69
Vadavalli,10.994097,77.000047,71,51208,11410,Laundry Service,9,3.2,0.22,70.9,5907,High,3,1,0,0,2,0,1,3,1,1,0,1,1,1,4,Pharmacy,0.69
Vadavalli,11.003524,77.001098,68,43896,12072,Bakery,30,3.1,0.52,61.7,3177,Medium,3,1,0,0,2,0,1,2,3,2,0,1,1,1,8,Cafe,0.67
Vadavalli,11.003907,77.004766,51,63455,11569,Gym,35,4.5,0.58,64.4,4154,Medium,3,1,0,0,2,0,2,4,3,1,0,1,1,1,7,Pharmacy,0.68
Vadavalli,10.996623,77.000399,46,56246,12959,Gym,35,4.6,0.57,68.8,5886,Low,3,1,0,1,1,0,2,3,2,3,0,1,1,1,6,Pharmacy,0.69
Vadavalli,11.005629,76.998953,69,62023,10861,Bakery,20,4.7,0.38,67.8,4623,High,3,3,0,0,0,0,2,4,3,1,0,1,1,1,6,Restaurant,0.7
Vadavalli,11.002546,76.997648,55,64782,15274,Pet Shop,9,4.0,0.1,74.9,4639,Low,3,3,0,1,2,0,1,3,1,1,0,1,1,1,5,Pharmacy,0.7
Vadavalli,10.992478,76.996188,58,45004,12480,Laundry Service,32,3.1,0.57,67.4,5547,Medium,1,3,0,1,0,0,2,3,3,2,0,1,1,1,4,Pharmacy,0.72
Vadavalli,10.994642,77.003241,57,63136,11344,Pharmacy,32,3.6,0.61,65.2,5013,Low,2,3,0,1,0,0,2,3,3,1,0,1,1,1,8,Cafe,0.7
Vadavalli,10.992978,77.002228,61,51431,14783,Cafe,13,3.2,0.32,67.3,3110,Low,3,2,0,0,1,0,2,3,2,1,0,1,1,1,8,Bakery,0.74
Vadavalli,10.99454,77.001464,67,61553,13460,Bakery,29,3.6,0.53,66.6,5326,High,2,2,0,2,1,0,2,3,3,2,0,1,1,1,5,Restaurant,0.71
Vadavalli,11.006067,76.996521,42,57558,11753,Mobile Store,12,3.6,0.25,72.1,4177,Medium,2,3,0,0,2,0,1,4,2,2,0,1,1,1,6,Cafe,0.69
Vadavalli,11.001656,76.998159,63,48233,15119,Furniture Store,20,4.5,0.34,70.4,5110,High,3,1,0,2,2,0,2,2,3,3,0,1,1,1,8,Electronics Shop,0.71
Vadavalli,11.003127,77.005953,58,42111,15193,Furniture Store,39,4.8,0.72,61.1,3833,Medium,2,2,0,1,2,0,2,2,1,1,0,1,1,1,7,Pharmacy,0.74
Vadavalli,10.995004,76.997562,54,49102,15395,Bakery,23,4.7,0.34,71.1,5255,Medium,1,3,0,0,0,0,2,4,2,1,0,1,1,1,5,Cafe,0.68
Ganapathy,11.048221,76.984155,53,52801,16913,Salon,24,3.7,0.51,67.3,4500,Medium,3,2,0,3,3,0,2,3,1,3,0,1,1,1,9,Clothing Boutique,0.75
Ganapathy,11.048468,76.985105,78,67371,14018,Furniture Store,48,4.4,0.95,57.5,5137,Low,2,2,0,3,2,0,1,5,3,3,0,1,1,1,8,Pharmacy,0.76
Ganapathy,11.042503,76.983928,72,45257,15219,Grocery Store,14,3.7,0.32,69.6,5046,Medium,2,2,0,1,2,0,2,3,2,3,0,1,1,1,9,Bakery,0.7
Ganapathy,11.043472,76.992403,68,59852,17695,Pet Shop,23,4.4,0.42,66.8,4112,Low,4,3,0,3,2,0,1,4,1,5,0,1,1,1,7,Pharmacy,0.75
Ganapathy,11.046218,76.985148,56,53541,13421,Grocery Store,37,4.2,0.61,69.5,6815,High,3,2,0,1,2,0,1,4,2,5,0,1,1,1,6,Pharmacy,0.73
Ganapathy,11.043447,76.982649,58,63587,12961,Electronics Shop,46,3.4,0.78,60.4,4057,Low,3,2,0,1,1,0,1,4,2,5,0,1,1,1,7,Cafe,0.74
Ganapathy,11.037393,76.992095,66,53578,13929,Bakery,14,3.5,0.27,74.6,6530,Medium,2,2,0,1,1,0,1,4,3,4,0,1,1,1,6,Cafe,0.72
Ganapathy,11.047884,76.995095,86,68251,12372,Mobile Store,37,3.9,0.6,60.5,4021,Low,4,2,0,2,3,0,1,5,1,5,0,1,1,1,8,Cafe,0.7
Ganapathy,11.038546,76.985058,79,54207,14953,Cafe,11,3.3,0.15,73.8,5761,Medium,3,3,0,3,2,0,1,4,3,4,0,1,1,1,7,Bakery,0.7
Ganapathy,11.041526,76.982161,79,46336,15616,Salon,50,4.1,0.93,58.6,5460,Medium,4,2,0,2,1,0,1,4,1,3,0,1,1,1,10,Clothing Boutique,0.77
Ganapathy,11.040795,76.981585,79,67180,12772,Pharmacy,50,4.9,0.81,59.3,5346,Medium,4,3,0,2,2,0,2,3,1,3,0,1,1,1,10,Grocery Store,0.67
Ganapathy,11.039476,76.991201,84,49237,13731,Pet Shop,18,4.5,0.3,67.8,4199,High,3,2,0,3,1,0,1,4,2,3,0,1,1,1,7,Grocery Store,0.75
Ganapathy,11.044221,76.982228,75,69113,14540,Grocery Store,47,4.0,0.79,64.0,6805,High,3,3,0,2,3,0,2,4,2,4,0,1,1,1,8,Bakery,0.73
Ganapathy,11.048822,76.990391,57,61230,16319,Mobile Store,11,4.0,0.21,77.0,6578,Medium,2,2,0,2,1,0,2,3,1,5,0,1,1,1,10,Electronics Shop,0.73
Ganapathy,11.040746,76.987281,84,53302,14911,Pet Shop,37,3.5,0.72,60.9,5043,Medium,4,1,0,3,3,0,1,3,2,3,0,1,1,1,10,Grocery Store,0.73
Ganapathy,11.048727,76.993254,61,51064,12640,Cafe,47,4.9,0.92,61.7,6474,Medium,4,1,0,3,1,0,2,3,1,3,0,1,1,1,8,Restaurant,0.7
Ganapathy,11.044524,76.992274,56,49427,12113,Bookstore,38,3.3,0.68,63.2,4781,High,2,3,0,1,1,0,1,5,1,4,0,1,1,1,7,Cafe,0.68
Ganapathy,11.04492,76.994612,49,59729,16794,Grocery Store,40,3.1,0.75,63.1,4993,High,4,2,0,2,1,0,2,4,2,5,0,1,1,1,9,Bakery,0.69
Ganapathy,11.035067,76.988922,52,53776,17310,Gym,40,4.7,0.67,66.9,5708,Low,2,2,0,2,3,0,1,3,2,5,0,1,1,1,7,Cafe,0.76
Ganapathy,11.045102,76.987337,66,68691,17827,Salon,46,4.0,0.83,62.2,5598,Low,4,3,0,2,1,0,2,5,3,3,0,1,1,1,7,Pharmacy,0.77
Ganapathy,11.038176,76.988635,70,53546,14924,Bakery,43,4.7,0.74,64.9,6772,Low,4,1,0,2,2,0,1,3,3,3,0,1,1,1,6,Cafe,0.69
Ganapathy,11.043503,76.981986,76,59979,12908,Bakery,49,3.4,0.86,57.9,4433,High,4,1,0,3,1,0,1,3,2,3,0,1,1,1,7,Cafe,0.75
Ganapathy,11.04877,76.991754,63,60521,14796,Bakery,37,3.9,0.76,62.3,5174,Low,2,2,0,3,2,0,1,3,3,4,0,1,1,1,9,Restaurant,0.72
Ganapathy,11.045894,76.990996,52,47778,14771,Gym,30,4.2,0.45,69.7,5289,Low,2,2,0,2,1,0,1,5,3,5,0,1,1,1,8,Cafe,0.71
Eachanari,10.976687,77.02581,63,52839,15114,Clothing Boutique,43,3.3,0.74,60.6,4311,Low,3,1,0,1,0,0,2,2,2,3,0,1,1,0,7,Mobile Store,0.7
Eachanari,10.966995,77.030955,43,42908,12489,Laundry Service,23,3.6,0.48,63.7,4231,Medium,1,2,0,1,1,0,1,1,2,1,0,1,1,0,5,Grocery Store,0.73
Eachanari,10.977905,77.029755,39,47375,14257,Mobile Store,38,4.1,0.63,62.6,3514,Medium,3,2,0,1,1,0,1,3,1,2,0,1,1,0,4,Electronics Shop,0.64
Eachanari,10.975072,77.026878,62,43640,14786,Furniture Store,38,3.7,0.6,63.8,4543,Low,2,2,0,2,1,0,1,3,0,2,0,1,1,0,6,Electronics Shop,0.69
Eachanari,10.980313,77.028092,38,38960,13027,Furniture Store,26,4.1,0.42,66.2,4841,High,3,0,0,1,1,0,2,2,1,1,0,1,1,0,5,Pharmacy,0.66
Eachanari,10.967567,77.019915,53,45148,14634,Grocery Store,33,4.8,0.57,61.6,4352,Low,2,1,0,0,2,0,2,3,1,1,0,1,1,0,4,Pharmacy,0.72
Eachanari,10.977201,77.028742,40,35812,14685,Restaurant,23,4.1,0.48,62.4,3765,High,1,2,0,0,2,0,1,2,2,1,0,1,1,0,4,Cafe,0.69
Eachanari,10.971212,77.027905,62,35762,12784,Grocery Store,17,3.1,0.27,63.7,4290,Medium,1,2,0,1,1,0,1,1,2,1,0,1,1,0,3,Bakery,0.65
Eachanari,10.980447,77.021923,36,44765,13194,Pet Shop,11,3.1,0.16,67.0,2904,High,2,1,0,1,0,0,1,1,2,3,0,1,1,0,5,Grocery Store,0.66
Eachanari,10.975725,77.032675,43,53155,14801,Bakery,42,4.6,0.85,56.7,2915,High,3,2,0,1,2,0,2,1,2,3,0,1,1,0,4,Restaurant,0.65
Eachanari,10.980447,77.028373,40,35017,10492,Mobile Store,16,3.4,0.34,67.5,4475,Low,2,2,0,1,2,0,2,1,0,3,0,1,1,0,3,Cafe,0.66
Eachanari,10.973869,77.031035,56,46227,15203,Salon,38,3.8,0.59,62.6,3570,Medium,3,1,0,0,2,0,2,1,1,3,0,1,1,0,7,Clothing Boutique,0.73
Eachanari,10.979498,77.029585,47,52633,10664,Pharmacy,8,4.4,0.1,71.6,2817,Low,3,1,0,1,1,0,2,1,2,1,0,1,1,0,6,Grocery Store,0.68
Eachanari,10.976815,77.02207,54,44934,15880,Restaurant,20,3.3,0.4,63.1,3405,High,2,1,0,1,1,0,1,1,2,2,0,1,1,0,7,Bakery,0.65
Eachanari,10.96753,77.023071,62,42469,14285,Laundry Service,15,4.0,0.31,67.1,3623,Medium,3,0,0,2,2,0,1,2,2,3,0,1,1,0,5,Pharmacy,0.65
Eachanari,10.967219,77.029848,43,48764,14361,Bakery,12,3.9,0.24,65.2,4338,High,2,0,0,0,2,0,1,3,1,1,0,1,1,0,5,Cafe,0.66
Eachanari,10.966939,77.030964,45,43205,12024,Salon,28,3.1,0.59,58.5,2941,Low,2,0,0,2,0,0,2,1,2,2,0,1,1,0,6,Clothing Boutique,0.68
Eachanari,10.978159,77.020063,55,49150,10538,Laundry Service,47,4.4,0.88,54.4,2917,Medium,3,0,0,1,1,0,2,1,2,3,0,1,1,0,6,Pharmacy,0.7
Eachanari,10.966967,77.026853,41,38539,10841,Laundry Service,11,4.3,0.13,68.0,2550,Medium,1,2,0,2,0,0,2,2,1,3,0,1,1,0,3,Pharmacy,0.69
Kalapatti,11.060678,77.059658,49,49830,11846,Pharmacy,48,4.3,0.95,57.8,4264,Medium,2,3,1,4,3,0,1,3,3,4,0,1,1,1,5,Grocery Store,0.71
Kalapatti,11.066208,77.061078,61,63953,12637,Laundry Service,38,3.8,0.74,61.1,4374,Low,2,3,1,2,2,0,2,3,1,4,0,1,1,1,5,Pharmacy,0.71
Kalapatti,11.061963,77.058789,63,45324,8604,Bakery,29,3.0,0.6,63.0,4465,High,1,2,1,3,1,0,1,3,1,2,0,1,1,1,5,Cafe,0.65
Kalapatti,11.068342,77.060031,48,57416,13364,Bakery,20,3.9,0.37,67.4,3454,Medium,1,3,1,2,2,0,1,5,3,3,0,1,1,1,5,Restaurant,0.68
Kalapatti,11.065362,77.060184,77,51196,12386,Pharmacy,31,4.4,0.56,63.0,4204,High,2,2,1,4,2,0,2,3,3,2,0,1,1,1,8,Cafe,0.73
Kalapatti,11.063767,77.053755,70,53792,12761,Grocery Store,24,3.6,0.45,66.5,4642,Low,3,4,1,2,1,0,2,3,2,2,0,1,1,1,6,Pharmacy,0.71
Kalapatti,11.063671,77.050037,69,61785,13088,Bakery,13,4.9,0.2,70.8,4377,Low,2,3,1,3,2,0,2,4,1,2,0,1,1,1,6,Cafe,0.69
Kalapatti,11.057611,77.047704,74,51563,10734,Bakery,49,3.5,0.89,55.7,3805,Low,2,3,1,2,3,0,2,3,2,3,0,1,1,1,7,Cafe,0.72
Kalapatti,11.066619,77.049739,73,64234,12527,Clothing Boutique,8,3.8,0.15,72.9,4919,Medium,2,3,1,3,1,0,2,3,2,3,0,1,1,1,6,Mobile Store,0.72
Kalapatti,11.066078,77.052581,74,54818,10671,Pharmacy,44,3.2,0.89,58.0,5404,High,1,2,1,3,3,0,2,3,2,2,0,1,1,1,6,Cafe,0.65
Kalapatti,11.064163,77.047127,78,61010,8219,Pet Shop,18,4.0,0.43,63.7,3764,Medium,2,3,1,2,2,0,2,3,2,4,0,1,1,1,7,Pharmacy,0.67
Kalapatti,11.057184,77.060684,53,49257,9684,Restaurant,36,3.5,0.57,64.7,4268,Medium,3,4,1,2,3,0,1,5,3,4,0,1,1,1,5,Cafe,0.69
Kalapatti,11.060934,77.055017,69,60161,12719,Grocery Store,50,4.9,0.85,55.7,3160,Medium,2,4,1,3,3,0,2,5,1,3,0,1,1,1,7,Pharmacy,0.72
Kalapatti,11.059648,77.059442,74,54564,13461,Co-working Space,21,4.3,0.38,64.8,3273,High,3,2,1,3,3,0,2,3,1,4,0,1,1,1,6,Electronics Shop,0.72
Kalapatti,11.065931,77.05344,65,51370,11249,Electronics Shop,18,3.4,0.26,66.8,3154,Medium,1,4,1,3,3,0,2,4,1,2,0,1,1,1,6,Mobile Store,0.65
Kalapatti,11.057982,77.057546,44,67000,8091,Cafe,46,4.9,0.74,65.2,5774,Low,2,3,1,2,3,0,1,4,3,2,0,1,1,1,4,Restaurant,0.68
Kalapatti,11.061593,77.05016,41,58817,8228,Bookstore,21,3.2,0.47,65.3,3059,Low,1,4,1,2,1,0,1,3,2,4,0,1,1,1,8,Co-working Space,0.68
Kalapatti,11.059274,77.051893,40,58177,13357,Cafe,44,5.0,0.73,62.3,4295,Medium,1,3,1,2,3,0,2,3,1,2,0,1,1,1,8,Bakery,0.65
Kalapatti,11.06623,77.056613,48,55880,9436,Pharmacy,15,4.2,0.23,75.4,5602,Low,3,3,1,2,2,0,2,4,3,4,0,1,1,1,8,Cafe,0.73
Kalapatti,11.057057,77.052157,52,49969,11078,Co-working Space,29,4.3,0.48,66.0,3837,Low,1,4,1,4,2,0,2,4,3,2,0,1,1,1,6,Cafe,0.71
Kinathukadavu,10.935345,77.051882,41,37500,8135,Clothing Boutique,40,4.4,0.64,43.2,1658,Medium,2,0,0,1,0,0,0,2,0,0,0,1,0,0,2,Mobile Store,0.59
Kinathukadavu,10.927323,77.04425,31,34350,8361,Clothing Boutique,32,4.8,0.57,39.2,1918,Low,0,0,0,0,0,0,1,0,0,1,0,1,0,0,1,Salon,0.67
Kinathukadavu,10.932372,77.043903,27,33430,7558,Pet Shop,34,3.6,0.71,39.6,1949,Medium,1,0,0,0,0,0,1,0,0,0,0,1,0,0,4,Grocery Store,0.6
Kinathukadavu,10.938027,77.042705,23,29078,7576,Salon,10,4.4,0.27,57.8,2158,Medium,1,0,0,2,1,0,1,2,0,2,0,1,0,0,4,Pharmacy,0.59
Kinathukadavu,10.933846,77.051134,41,39924,9867,Co-working Space,24,4.5,0.47,48.0,2394,Medium,0,1,0,0,0,0,1,1,1,2,0,1,0,0,4,Electronics Shop,0.58
Kinathukadavu,10.934639,77.055229,24,28580,8605,Restaurant,34,3.7,0.65,47.3,2172,High,1,0,0,2,0,0,1,0,0,1,0,1,0,0,5,Cafe,0.65
Kinathukadavu,10.933941,77.044567,38,28612,7845,Cafe,32,4.2,0.51,45.6,2161,Medium,0,0,0,2,0,0,1,1,0,2,0,1,0,0,1,Bakery,0.65
Kinathukadavu,10.930681,77.051537,22,27000,7089,Bookstore,23,3.1,0.51,45.3,1014,Medium,0,0,0,2,0,0,1,1,0,1,0,1,0,0,3,Co-working Space,0.64
Kinathukadavu,10.928925,77.046508,22,39972,9565,Bookstore,9,4.5,0.19,56.7,2430,Low,0,0,0,2,0,0,1,1,1,2,0,1,0,0,3,Cafe,0.61
Kinathukadavu,10.933565,77.045088,34,27666,7426,Grocery Store,43,3.9,0.88,44.4,1876,High,1,1,0,2,0,0,0,2,0,2,0,1,0,0,3,Bakery,0.66
Kinathukadavu,10.92546,77.051388,29,31935,6698,Clothing Boutique,29,3.8,0.6,41.2,2351,Medium,0,0,0,0,0,0,1,0,1,1,0,1,0,0,1,Salon,0.64
Kinathukadavu,10.934134,77.052465,42,39318,9311,Furniture Store,8,5.0,0.11,49.6,1477,Low,0,0,0,0,0,0,0,2,0,2,0,1,0,0,5,Electronics Shop,0.59
Kinathukadavu,10.9284,77.047018,47,29138,8128,Mobile Store,50,3.6,0.95,31.6,2359,Medium,0,0,0,0,1,0,1,0,0,0,0,1,0,0,2,Electronics Shop,0.63
Kinathukadavu,10.938068,77.043472,44,40672,8584,Restaurant,9,3.9,0.17,54.2,1441,Medium,2,0,0,1,0,0,0,2,1,0,0,1,0,0,2,Cafe,0.62
Kinathukadavu,10.928813,77.047405,38,34274,7156,Bookstore,17,3.0,0.25,55.9,2426,Low,2,1,0,0,0,0,0,2,0,1,0,1,0,0,3,Cafe,0.66
Kinathukadavu,10.934257,77.050111,47,29836,7542,Mobile Store,10,4.4,0.11,50.1,1874,Medium,0,0,0,1,0,0,0,0,1,2,0,1,0,0,2,Cafe,0.64
Kinathukadavu,10.937552,77.051243,46,27936,9185,Furniture Store,45,4.5,0.83,41.8,1949,High,2,0,0,2,1,0,1,0,0,0,0,1,0,0,1,Pharmacy,0.66
Kinathukadavu,10.935243,77.044318,42,39210,7222,Grocery Store,19,3.9,0.42,50.9,2170,High,1,0,0,1,1,0,1,2,1,2,0,1,0,0,1,Pharmacy,0.58
Kinathukadavu,10.928323,77.042234,28,30282,6359,Laundry Service,36,4.0,0.58,46.3,2151,Medium,0,0,0,2,0,0,0,1,1,0,0,1,0,0,5,Pharmacy,0.6
Koundampalayam,10.93253,76.972155,31,31465,9942,Pet Shop,49,4.9,0.95,45.8,1575,Medium,2,0,0,2,2,0,1,1,0,2,0,1,0,0,5,Grocery Store,0.62
Koundampalayam,10.933545,76.978462,45,36676,8578,Cafe,15,4.3,0.28,64.8,2789,High,3,2,0,2,1,0,1,0,0,1,0,1,0,0,4,Restaurant,0.67
Koundampalayam,10.929023,76.969556,32,37397,10241,Co-working Space,28,4.6,0.6,44.9,1520,High,1,1,0,0,0,0,1,0,1,1,0,1,0,0,3,Electronics Shop,0.61
Koundampalayam,10.933563,76.976239,47,43194,11906,Gym,19,4.0,0.33,61.3,2713,Low,1,2,0,2,0,0,1,2,1,1,0,1,0,0,5,Cafe,0.61
Koundampalayam,10.927769,76.97094,54,37496,10500,Pet Shop,39,3.8,0.77,48.8,2801,Low,2,1,0,0,2,0,0,2,0,0,0,1,0,0,6,Pharmacy,0.69
Koundampalayam,10.931125,76.975388,43,46875,13612,Grocery Store,41,4.7,0.83,48.3,2886,High,3,0,0,0,2,0,0,2,0,2,0,1,0,0,3,Pharmacy,0.69
Koundampalayam,10.931197,76.978643,43,42422,9396,Furniture Store,49,4.8,0.89,49.7,2264,Low,2,2,0,2,0,0,1,1,0,1,0,1,0,0,4,Electronics Shop,0.7
Koundampalayam,10.936021,76.965504,47,45084,10691,Bakery,8,3.8,0.1,57.0,2111,High,1,1,0,1,1,0,0,1,0,0,0,1,0,0,5,Restaurant,0.64
Koundampalayam,10.928107,76.970948,45,38830,8890,Cafe,33,3.3,0.58,50.5,2398,Low,2,0,0,1,2,0,0,1,1,0,0,1,0,0,3,Restaurant,0.67
Koundampalayam,10.926661,76.971696,36,33892,11449,Mobile Store,11,4.2,0.24,61.4,2501,Medium,3,2,0,1,1,0,0,0,0,0,0,1,0,0,3,Cafe,0.66
Koundampalayam,10.923909,76.971709,43,32707,11513,Co-working Space,47,3.3,0.79,53.7,2007,High,3,2,0,0,1,0,1,2,0,2,0,1,0,0,6,Cafe,0.66
Koundampalayam,10.924346,76.979199,32,43969,8144,Salon,25,3.5,0.43,53.6,2762,Low,1,1,0,2,1,0,0,1,0,1,0,1,0,0,2,Pharmacy,0.62
Koundampalayam,10.936695,76.967328,29,40539,9736,Bakery,31,3.6,0.61,49.9,2084,High,3,0,0,0,1,0,1,1,0,0,0,1,0,0,4,Restaurant,0.65
Koundampalayam,10.932216,76.96594,32,33943,8336,Bookstore,16,4.5,0.23,64.3,2701,Low,3,0,0,2,1,0,0,2,1,1,0,1,0,0,2,Co-working Space,0.7
Koundampalayam,10.935989,76.972886,39,44695,13159,Electronics Shop,33,4.5,0.6,51.6,2969,High,2,0,0,1,2,0,0,2,0,2,0,1,0,0,3,Mobile Store,0.61
Koundampalayam,10.92933,76.976101,47,38896,9695,Furniture Store,42,4.9,0.71,47.5,1876,Medium,3,0,0,2,1,0,1,0,0,2,0,1,0,0,2,Electronics Shop,0.6
Koundampalayam,10.927796,76.966612,53,31688,13262,Restaurant,11,3.4,0.23,58.2,2009,Low,1,2,0,0,2,0,1,1,0,2,0,1,0,0,4,Bakery,0.7
Koundampalayam,10.937706,76.967254,45,33487,13919,Bakery,31,3.4,0.49,58.6,3027,High,3,1,0,1,0,0,1,0,1,2,0,1,0,0,5,Restaurant,0.67
Koundampalayam,10.92646,76.97732,46,46073,13975,Clothing Boutique,16,3.8,0.34,50.2,1869,Medium,1,1,0,0,1,0,0,0,0,1,0,1,0,0,6,Salon,0.66
Koundampalayam,10.924091,76.976794,54,31433,9082,Pharmacy,17,3.2,0.26,49.7,2008,Medium,2,0,0,0,0,0,0,0,0,1,0,1,0,0,5,Cafe,0.68
Kurichi,10.958435,76.938655,46,45608,11161,Bookstore,14,4.2,0.35,52.8,2004,Medium,1,0,0,1,0,0,2,0,1,2,0,1,1,0,4,Co-working Space,0.7
Kurichi,10.959499,76.944215,32,33420,14952,Salon,12,3.3,0.28,67.7,2618,Low,3,1,0,2,1,0,2,2,0,2,0,1,1,0,5,Clothing Boutique,0.63
Kurichi,10.959923,76.937217,55,47677,10551,Pharmacy,48,4.1,0.84,49.5,2463,Medium,3,1,0,0,1,0,1,1,0,2,0,1,1,0,7,Grocery Store,0.67
Kurichi,10.965559,76.937891,56,39540,13150,Gym,30,3.3,0.52,54.9,2342,High,2,2,0,2,0,0,2,0,0,1,0,1,1,0,3,Pharmacy,0.67
Kurichi,10.970093,76.944927,43,39946,11726,Salon,17,3.0,0.28,57.1,2919,High,1,0,0,1,2,0,2,1,0,3,0,1,1,0,3,Clothing Boutique,0.62
Kurichi,10.969772,76.936774,35,47393,11147,Pharmacy,33,4.7,0.67,56.7,4160,Medium,2,1,0,2,1,0,1,1,0,1,0,1,1,0,3,Cafe,0.68
Kurichi,10.971042,76.938027,37,45882,11284,Pet Shop,32,3.4,0.51,59.8,3113,Medium,3,1,0,2,0,0,1,0,0,1,0,1,1,0,6,Grocery Store,0.71
Kurichi,10.959355,76.931801,54,42992,10229,Laundry Service,44,3.6,0.71,52.8,2981,High,3,0,0,0,2,0,2,0,1,1,0,1,1,0,7,Pharmacy,0.64
Kurichi,10.971393,76.930783,54,41253,13261,Electronics Shop,45,3.3,0.89,55.6,4048,High,2,2,0,0,2,0,2,1,1,3,0,1,1,0,6,Mobile Store,0.63
Kurichi,10.964468,76.943656,60,39588,11766,Bookstore,46,5.0,0.75,52.5,2576,Medium,1,2,0,1,0,0,2,1,1,2,0,1,1,0,7,Cafe,0.69
Kurichi,10.959197,76.930878,57,42143,14482,Pharmacy,38,3.3,0.79,49.3,2357,Medium,2,1,0,1,0,0,2,2,0,2,0,1,1,0,5,Cafe,0.66
Kurichi,10.95958,76.939009,41,41392,13284,Bakery,43,3.3,0.68,57.7,3675,High,3,0,0,1,2,0,2,0,1,2,0,1,1,0,4,Cafe,0.7
Kurichi,10.963548,76.93173,57,47147,15481,Furniture Store,46,3.9,0.83,45.7,2382,High,2,2,0,0,0,0,1,1,0,1,0,1,1,0,5,Pharmacy,0.64
Kurichi,10.96565,76.944586,50,38994,12622,Cafe,17,4.7,0.22,62.8,4327,High,3,1,0,1,1,0,1,0,0,1,0,1,1,0,3,Restaurant,0.61
Kurichi,10.9643,76.936821,51,40501,11507,Clothing Boutique,43,4.3,0.84,44.2,2220,High,2,1,0,0,0,0,2,1,0,3,0,1,1,0,3,Salon,0.62
Kurichi,10.966679,76.935412,60,42371,10116,Restaurant,21,4.1,0.43,55.4,2616,Medium,1,1,0,0,2,0,2,2,1,1,0,1,1,0,3,Bakery,0.7
Kurichi,10.960187,76.936202,36,38263,15567,Electronics Shop,29,3.7,0.45,65.6,4362,Medium,2,1,0,1,1,0,2,2,0,2,0,1,1,0,7,Mobile Store,0.71
Kurichi,10.96576,76.933047,42,41339,15403,Furniture Store,34,3.2,0.56,59.7,3791,Medium,3,2,0,0,0,0,1,2,0,1,0,1,1,0,5,Pharmacy,0.67
Kurichi,10.970136,76.944615,60,47202,13382,Electronics Shop,17,4.9,0.37,58.0,3621,Medium,2,0,0,1,2,0,2,1,1,1,0,1,1,0,3,Cafe,0.61
Kurichi,10.972104,76.934209,36,44888,10422,Furniture Store,18,3.1,0.42,65.9,4366,High,3,1,0,1,1,0,2,0,0,3,0,1,1,0,7,Electronics Shop,0.65
Kurichi,10.957959,76.941965,30,49815,10645,Cafe,50,4.3,0.82,60.3,4342,Low,3,2,0,1,2,0,1,0,1,1,0,1,1,0,5,Bakery,0.65
Kurichi,10.966995,76.939165,33,47044,14881,Bookstore,48,3.6,0.79,47.0,2502,Medium,2,1,0,0,0,0,2,0,0,1,0,1,1,0,6,Co-working Space,0.62
Kurichi,10.970885,76.94253,39,32332,11463,Cafe,40,3.2,0.78,53.6,4323,Low,1,0,0,1,1,0,1,2,1,2,0,1,1,0,7,Bakery,0.67
Kurichi,10.96092,76.935468,32,36147,12192,Clothing Boutique,14,3.4,0.27,63.7,3120,High,1,1,0,1,2,0,2,2,0,1,0,1,1,0,6,Mobile Store,0.66
Madukkarai,10.929825,77.047621,44,36902,11341,Furniture Store,46,3.2,0.9,48.3,2152,Medium,3,1,0,0,2,0,1,2,0,1,0,1,0,0,4,Pharmacy,0.64
Madukkarai,10.934455,77.040963,36,36038,8297,Cafe,26,3.6,0.49,48.2,1940,High,2,0,0,0,0,0,0,2,0,0,0,1,0,0,5,Bakery,0.65
Madukkarai,10.931555,77.047628,46,30451,10350,Restaurant,18,3.0,0.35,58.4,3328,High,3,1,0,1,0,0,0,1,0,0,0,1,0,0,5,Cafe,0.64
Madukkarai,10.92305,77.046159,25,43131,9164,Laundry Service,13,3.1,0.25,57.7,1768,Medium,2,0,0,1,2,0,0,1,0,1,0,1,0,0,5,Pharmacy,0.66
Madukkarai,10.927095,77.049105,52,31978,11453,Grocery Store,31,4.7,0.63,42.9,2265,Low,1,0,0,0,0,0,0,1,1,2,0,1,0,0,3,Pharmacy,0.67
Madukkarai,10.926536,77.046183,26,37970,8307,Bookstore,41,5.0,0.69,53.6,2040,Medium,3,1,0,2,0,0,1,0,0,1,0,1,0,0,6,Co-working Space,0.61
Madukkarai,10.927433,77.045389,27,36644,11138,Clothing Boutique,20,4.2,0.36,60.8,2106,High,2,2,0,2,2,0,0,0,0,0,0,1,0,0,5,Mobile Store,0.65
Madukkarai,10.930398,77.047262,34,42877,10684,Pharmacy,49,4.5,0.81,41.9,1815,Low,1,0,0,1,1,0,0,1,0,0,0,1,0,0,6,Cafe,0.66
Madukkarai,10.92626,77.047786,33,28936,9950,Cafe,31,3.8,0.48,55.3,2855,Low,2,1,0,2,0,0,1,0,0,1,0,1,0,0,4,Restaurant,0.63
Madukkarai,10.927031,77.040571,33,44174,10124,Laundry Service,47,3.2,0.89,41.8,2387,Medium,1,2,0,0,0,0,0,0,1,1,0,1,0,0,3,Pharmacy,0.59
Madukkarai,10.933372,77.047572,40,34740,8700,Co-working Space,12,3.3,0.15,67.6,3109,Low,3,1,0,2,0,0,0,2,1,2,0,1,0,0,4,Electronics Shop,0.6
Madukkarai,10.922976,77.041627,25,33816,11991,Electronics Shop,41,3.2,0.75,50.3,2040,Low,1,2,0,2,1,0,0,1,0,1,0,1,0,0,3,Mobile Store,0.67
Madukkarai,10.93438,77.039588,48,39494,10235,Grocery Store,34,3.1,0.69,50.1,2027,Medium,2,1,0,0,1,0,1,2,1,2,0,1,0,0,3,Pharmacy,0.65
Madukkarai,10.931118,77.044875,36,34760,11048,Furniture Store,20,3.2,0.27,61.3,1682,Low,2,2,0,1,2,0,0,1,1,1,0,1,0,0,4,Pharmacy,0.6
Madukkarai,10.934257,77.042979,50,39370,9181,Pharmacy,26,4.7,0.38,60.9,1725,High,2,2,0,1,2,0,1,2,1,2,0,1,0,0,2,Grocery Store,0.68
Madukkarai,10.924572,77.041829,38,39542,10704,Bakery,10,4.4,0.18,58.9,3208,High,2,0,0,1,2,0,0,2,0,0,0,1,0,0,3,Restaurant,0.58
Madukkarai,10.92836,77.040519,28,36560,11769,Salon,44,3.8,0.89,47.5,2118,Medium,1,2,0,2,1,0,0,1,0,1,0,1,0,0,4,Pharmacy,0.64
Madukkarai,10.935419,77.041074,41,42480,10843,Cafe,47,3.7,0.94,48.8,2141,Medium,3,2,0,1,1,0,1,1,0,1,0,1,0,0,3,Bakery,0.63
Madukkarai,10.931743,77.047871,34,29754,11093,Salon,38,4.2,0.73,54.0,3230,High,2,2,0,1,2,0,0,0,0,1,0,1,0,0,6,Clothing Boutique,0.62
Madukkarai,10.930156,77.045185,31,44916,8590,Pet Shop,8,3.5,0.1,64.9,2651,Medium,2,0,0,2,2,0,1,2,0,2,0,1,0,0,2,Pharmacy,0.65
Madukkarai,10.924286,77.035022,39,40802,8227,Gym,50,3.6,0.86,49.5,3396,Medium,2,1,0,0,2,0,1,2,1,0,0,1,0,0,3,Pharmacy,0.59
Madukkarai,10.932415,77.04874,36,37017,9602,Grocery Store,36,3.9,0.56,51.3,2290,Low,1,1,0,1,0,0,1,1,0,2,0,1,0,0,6,Bakery,0.65
Madukkarai,10.933215,77.038725,36,44404,11505,Cafe,33,3.9,0.51,60.3,3263,Medium,2,2,0,2,0,0,0,1,1,2,0,1,0,0,4,Restaurant,0.63
Perur,10.953393,77.037061,46,33494,6530,Gym,23,3.8,0.34,47.8,2429,Low,2,0,0,0,0,0,0,0,0,2,0,1,0,1,2,Pharmacy,0.63
Perur,10.964823,77.040201,41,33207,6468,Bakery,24,4.5,0.43,45.7,1076,High,0,0,0,2,1,0,0,1,0,2,0,1,0,1,2,Restaurant,0.68
Perur,10.95705,77.034419,28,27818,8384,Pharmacy,21,3.7,0.4,50.4,1049,Medium,2,0,0,0,0,0,1,1,1,2,0,1,0,1,2,Cafe,0.66
Perur,10.963762,77.039189,24,39381,7751,Pharmacy,24,4.7,0.41,46.6,2280,High,0,1,0,0,1,0,0,0,0,0,0,1,0,1,3,Cafe,0.64
Perur,10.964748,77.027757,29,41965,9816,Laundry Service,29,4.1,0.6,52.4,2251,High,1,1,0,2,1,0,1,1,1,0,0,1,0,1,2,Grocery Store,0.65
Perur,10.961371,77.040228,23,32720,8021,Mobile Store,40,3.6,0.67,48.5,1149,Medium,2,1,0,1,0,0,0,2,0,0,0,1,0,1,4,Cafe,0.68
Perur,10.963043,77.040922,23,25863,9168,Bakery,15,3.7,0.35,56.2,1401,Medium,1,1,0,2,0,0,1,1,1,0,0,1,0,1,4,Restaurant,0.65
Perur,10.964026,77.030156,40,25329,6930,Bookstore,30,3.3,0.57,46.3,1845,Low,2,1,0,0,1,0,0,0,0,0,0,1,0,1,3,Cafe,0.67
Perur,10.956527,77.036314,24,27502,7024,Mobile Store,30,3.4,0.63,49.0,2113,High,2,1,0,0,0,0,1,2,0,2,0,1,0,1,1,Cafe,0.62
Perur,10.952769,77.040988,31,31906,6502,Clothing Boutique,11,4.7,0.16,49.0,1762,Medium,0,0,0,2,0,0,0,0,0,0,0,1,0,1,1,Mobile Store,0.67
Perur,10.956337,77.027311,34,31043,8703,Clothing Boutique,14,4.9,0.27,55.8,1882,Low,2,0,0,2,0,0,1,1,1,0,0,1,0,1,1,Mobile Store,0.65
Perur,10.957474,77.035066,46,33522,6665,Laundry Service,25,4.1,0.49,43.8,1780,High,0,0,0,1,1,0,0,0,1,1,0,1,0,1,3,Grocery Store,0.65
Perur,10.95542,77.030543,36,40162,6070,Cafe,24,4.0,0.49,46.1,1900,High,0,0,0,2,1,0,1,0,1,0,0,1,0,1,2,Restaurant,0.6
Perur,10.954071,77.029221,41,26624,6953,Restaurant,23,3.2,0.39,49.8,1234,Medium,0,1,0,2,0,0,0,0,1,1,0,1,0,1,5,Bakery,0.67
Perur,10.951909,77.029655,33,38630,6292,Laundry Service,10,3.1,0.14,58.0,2314,Low,1,0,0,1,1,0,1,1,1,1,0,1,0,1,3,Grocery Store,0.64
Perur,10.959572,77.038523,44,41652,9209,Gym,38,3.4,0.72,44.9,2190,Medium,0,0,0,2,1,0,1,2,0,0,0,1,0,1,5,Cafe,0.67
Perur,10.959085,77.040035,29,36860,6945,Electronics Shop,34,3.5,0.56,47.2,1933,Low,0,1,0,1,1,0,1,0,0,2,0,1,0,1,4,Mobile Store,0.63
Perur,10.963899,77.036556,26,33528,9259,Mobile Store,24,3.3,0.49,46.9,1587,Low,0,0,0,1,1,0,1,2,0,0,0,1,0,1,4,Cafe,0.63
Perur,10.951284,77.032993,27,27392,6542,Pet Shop,34,4.0,0.64,43.2,2054,High,1,0,0,0,0,0,1,0,0,1,0,1,0,1,4,Grocery Store,0.69
Perur,10.952733,77.029352,40,41691,6343,Pharmacy,29,3.8,0.44,55.0,1311,High,2,1,0,2,1,0,1,1,0,0,0,1,0,1,4,Cafe,0.69
Perur,10.961709,77.040659,48,31903,7763,Bakery,46,3.3,0.89,39.0,2063,Medium,2,0,0,1,0,0,0,1,0,1,0,1,0,1,3,Cafe,0.63
Perur,10.953774,77.038974,27,25896,8451,Pharmacy,15,3.9,0.32,52.7,1081,Medium,2,1,0,0,0,0,1,0,0,2,0,1,0,1,3,Grocery Store,0.7
Perur,10.954585,77.039352,45,28816,9966,Co-working Space,41,4.3,0.71,45.4,1724,Low,2,0,0,1,0,0,1,1,1,2,0,1,0,1,1,Cafe,0.68
Saibaba Colony,11.013766,76.970182,103,56411,14173,Clothing Boutique,43,4.4,0.8,61.0,6925,High,2,2,0,2,2,0,2,5,3,6,0,1,1,1,8,Salon,0.71
Saibaba Colony,11.020634,76.973924,100,61426,15966,Clothing Boutique,15,3.9,0.37,71.1,7172,Medium,2,1,0,2,4,0,3,5,2,6,0,1,1,1,6,Mobile Store,0.76
Saibaba Colony,11.015359,76.970897,89,60449,17411,Cafe,28,3.5,0.49,65.7,5465,Medium,3,2,0,2,3,0,2,3,2,5,0,1,1,1,7,Restaurant,0.72
Saibaba Colony,11.01258,76.971787,81,70849,12373,Clothing Boutique,30,4.0,0.6,66.1,6263,Medium,2,2,0,3,2,0,3,3,3,6,0,1,1,1,7,Salon,0.73
Saibaba Colony,11.017012,76.967572,94,62960,17880,Cafe,26,4.4,0.43,67.4,5939,Medium,2,1,0,2,2,0,2,3,1,6,0,1,1,1,6,Bakery,0.72
Saibaba Colony,11.01228,76.97567,84,71472,15282,Restaurant,27,3.0,0.55,65.9,5537,Medium,3,0,0,1,4,0,2,3,3,6,0,1,1,1,9,Cafe,0.77
Saibaba Colony,11.015743,76.967634,101,68880,15861,Co-working Space,31,4.2,0.62,64.1,6542,Medium,2,0,0,3,3,0,3,5,3,6,0,1,1,1,8,Cafe,0.72
Saibaba Colony,11.012152,76.975983,83,65623,16613,Grocery Store,44,3.5,0.85,59.5,5446,Low,3,0,0,1,4,0,2,4,3,4,0,1,1,1,9,Pharmacy,0.75
Saibaba Colony,11.016282,76.969619,62,60533,17644,Cafe,12,4.5,0.19,78.7,7315,High,2,1,0,3,3,0,3,5,1,5,0,1,1,1,8,Bakery,0.75
Saibaba Colony,11.014188,76.971084,62,79016,15474,Bookstore,31,4.0,0.58,69.7,7028,High,4,1,0,3,4,0,3,3,2,4,0,1,1,1,9,Cafe,0.71
Saibaba Colony,11.01474,76.973674,83,67019,16952,Pet Shop,20,3.7,0.3,71.6,6029,Medium,2,1,0,1,4,0,2,4,2,4,0,1,1,1,7,Pharmacy,0.74
Saibaba Colony,11.012674,76.97154,64,61483,17212,Cafe,45,3.5,0.75,67.7,7290,High,3,2,0,1,3,0,3,5,3,5,0,1,1,1,5,Bakery,0.78
Saibaba Colony,11.013268,76.97636,101,75102,15137,Laundry Service,38,4.9,0.77,61.2,6352,High,4,2,0,3,4,0,2,3,1,4,0,1,1,1,6,Pharmacy,0.75
Saibaba Colony,11.013767,76.976512,102,65456,14679,Furniture Store,35,3.5,0.65,63.1,6239,Medium,2,0,0,2,3,0,3,4,3,5,0,1,1,1,6,Pharmacy,0.74
Saibaba Colony,11.013526,76.977871,82,55833,12207,Mobile Store,20,4.8,0.26,74.0,6497,Medium,4,1,0,1,4,0,3,4,1,6,0,1,1,1,9,Cafe,0.78
Saibaba Colony,11.024994,76.972041,98,58946,12274,Bakery,38,3.1,0.74,64.3,7651,High,3,1,0,3,4,0,3,5,1,6,0,1,1,1,6,Cafe,0.72
Saibaba Colony,11.024683,76.966907,71,78538,13078,Pet Shop,45,4.9,0.86,60.0,5339,Medium,2,0,0,3,4,0,3,3,3,5,0,1,1,1,6,Grocery Store,0.73
Saibaba Colony,11.017604,76.976959,63,52128,13580,Mobile Store,30,4.4,0.47,71.7,7054,Medium,3,0,0,2,2,0,2,5,3,5,0,1,1,1,9,Cafe,0.7
Saibaba Colony,11.019954,76.971457,65,55980,17976,Bookstore,11,3.3,0.18,73.9,5353,High,4,2,0,1,2,0,3,4,1,6,0,1,1,1,7,Co-working Space,0.71
Sundarapuram,10.95876,77.022923,60,41528,11450,Co-working Space,44,4.6,0.74,56.7,3208,Medium,2,0,0,1,1,0,2,3,2,2,0,1,1,0,7,Electronics Shop,0.66
Sundarapuram,10.964271,77.013705,62,51507,14518,Pet Shop,28,4.8,0.48,58.1,3101,Medium,1,0,0,1,1,0,1,3,2,3,0,1,1,0,7,Grocery Store,0.64
Sundarapuram,10.95744,77.012195,59,35258,11300,Electronics Shop,38,4.2,0.76,54.7,3726,Low,2,1,0,0,1,0,1,2,2,1,0,1,1,0,6,Cafe,0.68
Sundarapuram,10.959749,77.016549,61,42677,14153,Bakery,13,3.9,0.2,64.7,2441,Low,2,1,0,2,0,0,1,2,2,3,0,1,1,0,3,Cafe,0.67
Sundarapuram,10.955176,77.010671,38,40638,12468,Cafe,38,4.8,0.7,52.7,3259,Medium,1,0,0,0,2,0,1,3,2,2,0,1,1,0,3,Restaurant,0.64
Sundarapuram,10.962428,77.022865,39,38139,13175,Pet Shop,31,4.5,0.54,54.5,2526,Medium,1,0,0,1,2,0,2,3,0,2,0,1,1,0,4,Pharmacy,0.66
Sundarapuram,10.965976,77.020137,47,41159,10362,Cafe,18,3.2,0.31,57.8,2865,Medium,1,0,0,2,0,0,1,2,1,2,0,1,1,0,4,Bakery,0.66
Sundarapuram,10.962682,77.012148,44,35400,11317,Restaurant,29,3.4,0.6,56.7,3306,High,3,0,0,0,1,0,2,1,1,2,0,1,1,0,6,Cafe,0.64
Sundarapuram,10.958905,77.021812,53,37621,11231,Restaurant,11,3.7,0.28,62.9,2028,High,3,1,0,0,2,0,2,1,1,2,0,1,1,0,5,Cafe,0.66
Sundarapuram,10.957062,77.022686,40,40856,12402,Gym,14,3.9,0.18,68.1,3461,Medium,2,0,0,2,0,0,2,3,0,3,0,1,1,0,7,Pharmacy,0.67
Sundarapuram,10.956752,77.024928,51,42998,14288,Pet Shop,19,4.5,0.44,57.5,4330,Low,1,0,0,0,0,0,2,3,2,1,0,1,1,0,3,Grocery Store,0.68
Sundarapuram,10.953936,77.024054,57,41279,14676,Bookstore,26,4.6,0.43,63.4,3068,High,3,1,0,2,0,0,2,1,1,2,0,1,1,0,4,Co-working Space,0.73
Sundarapuram,10.962266,77.014693,51,45425,10795,Grocery Store,29,4.7,0.49,61.2,2906,High,3,0,0,0,2,0,2,3,1,3,0,1,1,0,5,Bakery,0.65
Sundarapuram,10.959985,77.018473,53,47781,12094,Cafe,9,4.1,0.1,72.0,3650,Medium,3,0,0,2,1,0,1,3,2,2,0,1,1,0,6,Bakery,0.63
Sundarapuram,10.95878,77.02189,41,53233,14020,Pharmacy,34,4.2,0.59,57.5,2961,Medium,3,0,0,2,0,0,2,1,0,1,0,1,1,0,7,Grocery Store,0.67
Sundarapuram,10.957397,77.015991,53,45412,14114,Bookstore,32,3.8,0.6,52.0,4193,Low,1,0,0,1,1,0,1,1,1,2,0,1,1,0,3,Co-working Space,0.68
Sundarapuram,10.961966,77.019745,51,51494,10659,Cafe,31,4.9,0.61,59.5,4455,High,2,0,0,2,0,0,2,3,0,2,0,1,1,0,6,Bakery,0.69
Sundarapuram,10.966074,77.015397,34,36012,11695,Co-working Space,34,3.1,0.69,53.7,4365,Low,1,1,0,0,0,0,1,3,1,1,0,1,1,0,3,Electronics Shop,0.68
Sundarapuram,10.958805,77.014477,49,38964,15863,Pet Shop,14,4.2,0.18,72.8,4486,Low,3,1,0,1,1,0,2,2,2,1,0,1,1,0,3,Grocery Store,0.69
Sundarapuram,10.964204,77.021259,45,46135,11162,Electronics Shop,36,4.5,0.69,54.5,2995,Medium,1,0,0,1,2,0,2,3,1,1,0,1,1,0,5,Cafe,0.71
Thudiyalur,11.068314,77.024037,58,56466,12971,Salon,48,3.3,0.82,57.7,3692,Medium,3,1,0,1,2,0,2,1,2,3,0,1,1,0,5,Clothing Boutique,0.67
Thudiyalur,11.060967,77.029005,68,51298,13907,Gym,50,3.4,0.95,54.2,3197,High,3,1,0,2,1,0,2,3,0,3,0,1,1,0,3,Cafe,0.74
Thudiyalur,11.062956,77.032596,42,44453,12920,Pet Shop,36,4.6,0.67,63.2,4543,High,3,1,0,2,0,0,1,2,2,1,0,1,1,0,3,Pharmacy,0.69
Thudiyalur,11.063426,77.037409,50,45482,15649,Restaurant,45,4.6,0.81,60.0,4368,Medium,3,2,0,0,2,0,1,1,2,2,0,1,1,0,7,Bakery,0.66
Thudiyalur,11.065389,77.032967,65,41814,13620,Clothing Boutique,34,3.7,0.64,59.2,2841,Medium,1,3,0,2,1,0,1,3,1,1,0,1,1,0,5,Mobile Store,0.69
Thudiyalur,11.067759,77.027824,54,46657,14359,Mobile Store,35,3.9,0.67,60.8,3519,Low,3,3,0,2,1,0,1,2,0,2,0,1,1,0,3,Electronics Shop,0.67
Thudiyalur,11.069988,77.031567,47,41562,11898,Cafe,18,4.0,0.35,67.0,3373,Medium,2,2,0,0,2,0,1,3,2,1,0,1,1,0,4,Bakery,0.67
Thudiyalur,11.067622,77.032399,52,45494,12153,Furniture Store,34,4.5,0.59,63.5,4433,Low,2,2,0,1,1,0,2,2,1,2,0,1,1,0,3,Electronics Shop,0.73
Thudiyalur,11.061074,77.034001,51,47659,13059,Clothing Boutique,50,5.0,0.89,48.5,2596,High,2,2,0,0,2,0,2,1,0,1,0,1,1,0,3,Mobile Store,0.67
Thudiyalur,11.069241,77.024527,56,47045,14406,Bakery,23,4.6,0.38,65.1,4013,Medium,2,1,0,0,2,0,2,3,1,1,0,1,1,0,6,Restaurant,0.68
Thudiyalur,11.070733,77.025719,39,48287,12959,Pharmacy,49,4.6,0.87,51.2,4326,Low,1,1,0,1,0,0,2,2,0,3,0,1,1,0,3,Cafe,0.71
Thudiyalur,11.072781,77.024542,58,38530,14634,Gym,37,4.5,0.69,62.6,4290,Low,3,2,0,1,2,0,1,3,0,3,0,1,1,0,7,Pharmacy,0.74
Thudiyalur,11.067005,77.027723,44,48827,10598,Grocery Store,24,4.3,0.51,61.1,3244,Medium,2,2,0,0,1,0,1,3,1,1,0,1,1,0,4,Bakery,0.7
Thudiyalur,11.06368,77.035722,57,56902,11250,Salon,27,4.8,0.42,58.2,3273,High,1,2,0,0,0,0,1,3,1,1,0,1,1,0,4,Pharmacy,0.72
Thudiyalur,11.071926,77.024057,63,42034,13072,Salon,45,3.4,0.86,54.3,2604,High,3,3,0,1,0,0,2,2,0,1,0,1,1,0,7,Clothing Boutique,0.68
Thudiyalur,11.074352,77.034534,55,51602,11564,Electronics Shop,27,4.3,0.56,63.6,3361,Low,3,2,0,1,2,0,2,1,0,2,0,1,1,0,5,Cafe,0.74
Thudiyalur,11.064099,77.033955,59,53445,10129,Mobile Store,31,3.3,0.59,54.0,3625,Medium,2,1,0,0,0,0,1,3,0,1,0,1,1,0,5,Electronics Shop,0.71
Thudiyalur,11.068268,77.02588,46,49962,10896,Pharmacy,10,3.0,0.19,66.2,3165,High,1,2,0,2,1,0,2,1,0,2,0,1,1,0,6,Grocery Store,0.64
Thudiyalur,11.073725,77.025009,42,53587,13804,Bookstore,39,4.0,0.76,62.5,4200,High,3,2,0,2,2,0,2,2,1,2,0,1,1,0,6,Cafe,0.73
Ramanathapuram,11.048375,77.037969,48,55232,14312,Bookstore,50,4.6,0.84,64.2,6519,Low,2,2,0,2,3,0,2,4,2,4,0,1,1,1,7,Cafe,0.67
Ramanathapuram,11.043901,77.046321,42,46684,17198,Cafe,24,4.3,0.45,68.7,4139,Low,2,1,0,1,1,0,2,3,1,4,0,1,1,1,9,Bakery,0.74
Ramanathapuram,11.042209,77.039611,53,50365,14793,Salon,15,3.7,0.2,76.5,5996,High,3,3,0,2,2,0,1,3,2,4,0,1,1,1,8,Pharmacy,0.74
Ramanathapuram,11.041316,77.042783,74,47983,15256,Bookstore,18,4.7,0.25,72.7,6092,Medium,4,1,0,0,3,0,1,4,3,4,0,1,1,1,7,Cafe,0.68
Ramanathapuram,11.038054,77.048325,51,59721,16994,Pet Shop,50,3.8,0.87,62.9,5736,High,3,1,0,1,2,0,2,3,2,2,0,1,1,1,9,Pharmacy,0.75
Ramanathapuram,11.036865,77.046735,57,54820,13306,Pharmacy,28,4.0,0.41,72.6,6646,Medium,4,1,0,1,1,0,2,2,2,2,0,1,1,1,7,Grocery Store,0.7
Ramanathapuram,11.045916,77.043446,70,51791,13022,Clothing Boutique,22,4.2,0.4,71.1,6216,Low,3,1,0,2,2,0,1,3,2,2,0,1,1,1,7,Salon,0.73
Ramanathapuram,11.043428,77.039981,73,64989,15542,Restaurant,45,3.2,0.82,60.5,5727,Medium,2,2,0,1,3,0,2,4,2,3,0,1,1,1,6,Cafe,0.67
Ramanathapuram,11.046049,77.045063,80,60534,15078,Gym,37,4.6,0.69,64.6,6484,Low,4,2,0,2,1,0,1,2,1,3,0,1,1,1,8,Pharmacy,0.71
Ramanathapuram,11.043847,77.046077,43,49079,16644,Mobile Store,28,3.3,0.5,67.7,4740,Low,3,1,0,1,1,0,2,3,3,3,0,1,1,1,5,Cafe,0.66
Ramanathapuram,11.042843,77.047338,62,55150,14855,Mobile Store,32,4.6,0.52,66.5,4704,Medium,2,2,0,2,3,0,2,3,1,4,0,1,1,1,6,Cafe,0.74
Ramanathapuram,11.047705,77.045742,62,42521,12913,Cafe,17,4.8,0.35,69.8,4777,Medium,4,3,0,2,3,0,2,4,3,2,0,1,1,1,7,Restaurant,0.72
Ramanathapuram,11.036287,77.048698,60,62100,16670,Restaurant,17,4.7,0.21,71.4,4336,Low,2,2,0,0,3,0,2,2,2,2,0,1,1,1,6,Bakery,0.69
Ramanathapuram,11.041759,77.041103,77,60615,13574,Gym,42,4.7,0.74,61.7,5688,Medium,4,3,0,2,3,0,2,4,2,3,0,1,1,1,7,Pharmacy,0.68
Ramanathapuram,11.044918,77.046341,50,45166,16157,Laundry Service,18,3.1,0.23,77.6,6901,Medium,3,1,0,2,2,0,2,3,3,2,0,1,1,1,5,Pharmacy,0.71
Ramanathapuram,11.039803,77.047398,46,64348,14903,Cafe,22,4.1,0.41,69.7,4267,High,3,3,0,2,1,0,2,4,1,3,0,1,1,1,7,Restaurant,0.76
Ramanathapuram,11.044614,77.039275,45,53742,16812,Bakery,13,4.9,0.16,75.0,4490,Medium,2,3,0,2,2,0,1,2,3,2,0,1,1,1,7,Restaurant,0.74
Ramanathapuram,11.040378,77.040643,72,46538,14812,Pet Shop,14,3.1,0.26,69.7,4749,Low,3,1,0,1,2,0,1,3,2,2,0,1,1,1,8,Pharmacy,0.67
Ramanathapuram,11.042823,77.044683,52,42056,16334,Bookstore,17,4.4,0.33,68.7,4051,Low,3,2,0,2,3,0,1,2,1,4,0,1,1,1,5,Cafe,0.66
Ramanathapuram,11.047473,77.037264,70,42994,17096,Cafe,15,3.7,0.31,68.9,4158,Medium,2,2,0,0,2,0,1,2,2,2,0,1,1,1,8,Bakery,0.75
Ramanathapuram,11.038244,77.046664,67,43362,14935,Clothing Boutique,26,3.8,0.56,64.4,4240,Medium,3,3,0,2,1,0,2,4,3,2,0,1,1,1,6,Mobile Store,0.75
Ramanathapuram,11.041863,77.041871,77,57863,16994,Electronics Shop,27,3.1,0.47,67.1,5592,Low,3,3,0,2,1,0,1,3,3,4,0,1,1,1,5,Cafe,0.69
Ramanathapuram,11.04669,77.047488,74,59169,13460,Pet Shop,32,3.0,0.52,67.6,6083,Low,4,1,0,0,2,0,1,4,2,2,0,1,1,1,5,Pharmacy,0.7
Ramanathapuram,11.038258,77.046606,63,47801,15194,Restaurant,34,4.8,0.68,63.1,4935,High,3,1,0,0,3,0,2,3,3,4,0,1,1,1,5,Cafe,0.7
